point_index,layer_index,layer_z,x,y,z
1,1,111.126591503,506.12750582980004,198.77639855714287,111.126591503
2,1,111.126591503,483.3016764726,198.77639855714287,111.126591503
3,1,111.126591503,460.47584711540003,198.77639855714287,111.126591503
4,1,111.126591503,460.47584711540003,221.03460551828573,111.126591503
5,1,111.126591503,483.3016764726,221.03460551828573,111.126591503
6,1,111.126591503,506.12750582980004,221.03460551828573,111.126591503
7,1,111.126591503,483.3016764726,243.29281247942856,111.126591503
8,1,111.126591503,460.47584711540003,243.29281247942856,111.126591503
9,1,111.126591503,437.65001775819997,243.29281247942856,111.126591503
10,1,111.126591503,437.65001775819997,265.55101944057145,111.126591503
11,1,111.126591503,460.47584711540003,265.55101944057145,111.126591503
12,1,111.126591503,483.3016764726,265.55101944057145,111.126591503
13,1,111.126591503,460.47584711540003,287.8092264017143,111.126591503
14,1,111.126591503,437.65001775819997,287.8092264017143,111.126591503
15,1,111.126591503,414.824188401,287.8092264017143,111.126591503
16,1,111.126591503,414.824188401,310.0674333628572,111.126591503
17,1,111.126591503,437.65001775819997,310.0674333628572,111.126591503
18,2,118.0484301085,460.47584711540003,310.0674333628572,118.0484301085
19,2,118.0484301085,437.65001775819997,310.0674333628572,118.0484301085
20,2,118.0484301085,414.824188401,310.0674333628572,118.0484301085
21,2,118.0484301085,391.99835904379995,310.0674333628572,118.0484301085
22,2,118.0484301085,369.1725296866,287.8092264017143,118.0484301085
23,2,118.0484301085,391.99835904379995,287.8092264017143,118.0484301085
24,2,118.0484301085,414.824188401,287.8092264017143,118.0484301085
25,2,118.0484301085,437.65001775819997,287.8092264017143,118.0484301085
26,2,118.0484301085,460.47584711540003,287.8092264017143,118.0484301085
27,2,118.0484301085,483.3016764726,265.55101944057145,118.0484301085
28,2,118.0484301085,460.47584711540003,265.55101944057145,118.0484301085
29,2,118.0484301085,437.65001775819997,265.55101944057145,118.0484301085
30,2,118.0484301085,414.824188401,265.55101944057145,118.0484301085
31,2,118.0484301085,391.99835904379995,265.55101944057145,118.0484301085
32,2,118.0484301085,369.1725296866,265.55101944057145,118.0484301085
33,2,118.0484301085,346.3467003294,265.55101944057145,118.0484301085
34,2,118.0484301085,369.1725296866,243.29281247942856,118.0484301085
35,2,118.0484301085,391.99835904379995,243.29281247942856,118.0484301085
36,2,118.0484301085,414.824188401,243.29281247942856,118.0484301085
37,2,118.0484301085,437.65001775819997,243.29281247942856,118.0484301085
38,2,118.0484301085,460.47584711540003,243.29281247942856,118.0484301085
39,2,118.0484301085,483.3016764726,243.29281247942856,118.0484301085
40,2,118.0484301085,506.12750582980004,243.29281247942856,118.0484301085
41,2,118.0484301085,506.12750582980004,221.03460551828573,118.0484301085
42,2,118.0484301085,483.3016764726,221.03460551828573,118.0484301085
43,2,118.0484301085,460.47584711540003,221.03460551828573,118.0484301085
44,2,118.0484301085,437.65001775819997,221.03460551828573,118.0484301085
45,2,118.0484301085,414.824188401,221.03460551828573,118.0484301085
46,2,118.0484301085,391.99835904379995,221.03460551828573,118.0484301085
47,2,118.0484301085,369.1725296866,221.03460551828573,118.0484301085
48,2,118.0484301085,391.99835904379995,198.77639855714287,118.0484301085
49,2,118.0484301085,414.824188401,198.77639855714287,118.0484301085
50,2,118.0484301085,437.65001775819997,198.77639855714287,118.0484301085
51,2,118.0484301085,460.47584711540003,198.77639855714287,118.0484301085
52,2,118.0484301085,483.3016764726,198.77639855714287,118.0484301085
53,2,118.0484301085,506.12750582980004,198.77639855714287,118.0484301085
54,3,124.97026871399999,483.3016764726,198.77639855714287,124.97026871399999
55,3,124.97026871399999,460.47584711540003,198.77639855714287,124.97026871399999
56,3,124.97026871399999,437.65001775819997,198.77639855714287,124.97026871399999
57,3,124.97026871399999,414.824188401,198.77639855714287,124.97026871399999
58,3,124.97026871399999,391.99835904379995,198.77639855714287,124.97026871399999
59,3,124.97026871399999,369.1725296866,198.77639855714287,124.97026871399999
60,3,124.97026871399999,323.5208709722,221.03460551828573,124.97026871399999
61,3,124.97026871399999,346.3467003294,221.03460551828573,124.97026871399999
62,3,124.97026871399999,369.1725296866,221.03460551828573,124.97026871399999
63,3,124.97026871399999,391.99835904379995,221.03460551828573,124.97026871399999
64,3,124.97026871399999,414.824188401,221.03460551828573,124.97026871399999
65,3,124.97026871399999,437.65001775819997,221.03460551828573,124.97026871399999
66,3,124.97026871399999,460.47584711540003,221.03460551828573,124.97026871399999
67,3,124.97026871399999,483.3016764726,221.03460551828573,124.97026871399999
68,3,124.97026871399999,483.3016764726,243.29281247942856,124.97026871399999
69,3,124.97026871399999,460.47584711540003,243.29281247942856,124.97026871399999
70,3,124.97026871399999,437.65001775819997,243.29281247942856,124.97026871399999
71,3,124.97026871399999,414.824188401,243.29281247942856,124.97026871399999
72,3,124.97026871399999,391.99835904379995,243.29281247942856,124.97026871399999
73,3,124.97026871399999,369.1725296866,243.29281247942856,124.97026871399999
74,3,124.97026871399999,346.3467003294,243.29281247942856,124.97026871399999
75,3,124.97026871399999,323.5208709722,243.29281247942856,124.97026871399999
76,3,124.97026871399999,346.3467003294,265.55101944057145,124.97026871399999
77,3,124.97026871399999,369.1725296866,265.55101944057145,124.97026871399999
78,3,124.97026871399999,391.99835904379995,265.55101944057145,124.97026871399999
79,3,124.97026871399999,414.824188401,265.55101944057145,124.97026871399999
80,3,124.97026871399999,437.65001775819997,265.55101944057145,124.97026871399999
81,3,124.97026871399999,460.47584711540003,265.55101944057145,124.97026871399999
82,3,124.97026871399999,483.3016764726,265.55101944057145,124.97026871399999
83,3,124.97026871399999,460.47584711540003,287.8092264017143,124.97026871399999
84,3,124.97026871399999,437.65001775819997,287.8092264017143,124.97026871399999
85,3,124.97026871399999,414.824188401,287.8092264017143,124.97026871399999
86,3,124.97026871399999,391.99835904379995,287.8092264017143,124.97026871399999
87,3,124.97026871399999,369.1725296866,287.8092264017143,124.97026871399999
88,3,124.97026871399999,391.99835904379995,310.0674333628572,124.97026871399999
89,3,124.97026871399999,414.824188401,310.0674333628572,124.97026871399999
90,3,124.97026871399999,437.65001775819997,310.0674333628572,124.97026871399999
91,3,124.97026871399999,460.47584711540003,310.0674333628572,124.97026871399999
92,4,131.89210731949998,437.65001775819997,310.0674333628572,131.89210731949998
93,4,131.89210731949998,414.824188401,310.0674333628572,131.89210731949998
94,4,131.89210731949998,369.1725296866,287.8092264017143,131.89210731949998
95,4,131.89210731949998,391.99835904379995,287.8092264017143,131.89210731949998
96,4,131.89210731949998,414.824188401,287.8092264017143,131.89210731949998
97,4,131.89210731949998,437.65001775819997,287.8092264017143,131.89210731949998
98,4,131.89210731949998,460.47584711540003,287.8092264017143,131.89210731949998
99,4,131.89210731949998,460.47584711540003,265.55101944057145,131.89210731949998
100,4,131.89210731949998,437.65001775819997,265.55101944057145,131.89210731949998
101,4,131.89210731949998,414.824188401,265.55101944057145,131.89210731949998
102,4,131.89210731949998,391.99835904379995,265.55101944057145,131.89210731949998
103,4,131.89210731949998,369.1725296866,265.55101944057145,131.89210731949998
104,4,131.89210731949998,346.3467003294,265.55101944057145,131.89210731949998
105,4,131.89210731949998,323.5208709722,243.29281247942856,131.89210731949998
106,4,131.89210731949998,346.3467003294,243.29281247942856,131.89210731949998
107,4,131.89210731949998,369.1725296866,243.29281247942856,131.89210731949998
108,4,131.89210731949998,391.99835904379995,243.29281247942856,131.89210731949998
109,4,131.89210731949998,414.824188401,243.29281247942856,131.89210731949998
110,4,131.89210731949998,437.65001775819997,243.29281247942856,131.89210731949998
111,4,131.89210731949998,437.65001775819997,221.03460551828573,131.89210731949998
112,4,131.89210731949998,414.824188401,221.03460551828573,131.89210731949998
113,4,131.89210731949998,391.99835904379995,221.03460551828573,131.89210731949998
114,4,131.89210731949998,369.1725296866,221.03460551828573,131.89210731949998
115,4,131.89210731949998,346.3467003294,221.03460551828573,131.89210731949998
116,4,131.89210731949998,323.5208709722,221.03460551828573,131.89210731949998
117,4,131.89210731949998,346.3467003294,198.77639855714287,131.89210731949998
118,4,131.89210731949998,369.1725296866,198.77639855714287,131.89210731949998
119,4,131.89210731949998,391.99835904379995,198.77639855714287,131.89210731949998
120,4,131.89210731949998,414.824188401,198.77639855714287,131.89210731949998
121,5,138.81394592499998,323.5208709722,221.03460551828573,138.81394592499998
122,5,138.81394592499998,369.1725296866,243.29281247942856,138.81394592499998
123,5,138.81394592499998,346.3467003294,243.29281247942856,138.81394592499998
124,5,138.81394592499998,323.5208709722,243.29281247942856,138.81394592499998
125,5,138.81394592499998,346.3467003294,265.55101944057145,138.81394592499998
126,5,138.81394592499998,369.1725296866,265.55101944057145,138.81394592499998
127,5,138.81394592499998,391.99835904379995,265.55101944057145,138.81394592499998
128,5,138.81394592499998,414.824188401,287.8092264017143,138.81394592499998
129,5,138.81394592499998,391.99835904379995,287.8092264017143,138.81394592499998
130,5,138.81394592499998,414.824188401,310.0674333628572,138.81394592499998
131,5,138.81394592499998,437.65001775819997,310.0674333628572,138.81394592499998
