trajectory_id,keyframe_count,duration_sec,start_score,end_score,score_gain
kcd2_scene1_traj_0001,5,10.162624,3.17386,7.101753,3.927893
kcd2_scene1_traj_0002,9,22.077496,3.267793,7.101753,3.83396
kcd2_scene1_traj_0003,6,14.126432,3.689251,7.101753,3.412501
kcd2_scene1_traj_0004,9,22.00967,2.933532,7.101753,4.168221
kcd2_scene1_traj_0005,6,12.947887,3.766129,7.101753,3.335624
kcd2_scene1_traj_0006,9,21.94043,3.168086,7.101753,3.933667
kcd2_scene1_traj_0007,9,20.219515,3.15411,7.101753,3.947643
kcd2_scene1_traj_0008,10,22.884745,3.210413,7.101753,3.891339
kcd2_scene1_traj_0009,8,20.208257,3.21805,7.101753,3.883702
kcd2_scene1_traj_0010,6,13.076191,4.231189,7.101753,2.870564
kcd2_scene1_traj_0011,9,22.020789,3.288015,7.101753,3.813737
kcd2_scene1_traj_0012,9,21.821532,3.412024,7.101753,3.689729
kcd2_scene1_traj_0013,8,20.14043,3.196173,7.101753,3.90558
kcd2_scene1_traj_0014,10,22.81301,2.962409,7.101753,4.139344
kcd2_scene1_traj_0015,6,13.015853,3.179049,7.101753,3.922704
kcd2_scene1_traj_0016,5,10.548467,3.108845,7.101753,3.992907
kcd2_scene1_traj_0017,6,12.45645,4.112062,7.101753,2.98969
kcd2_scene1_traj_0018,5,8.980953,3.835998,7.101753,3.265755
kcd2_scene1_traj_0019,9,21.887784,3.089357,7.101753,4.012395
kcd2_scene1_traj_0020,8,19.286459,3.167372,7.101753,3.934381
kcd2_scene1_traj_0021,7,16.242735,4.038109,7.101753,3.063643
kcd2_scene1_traj_0022,8,19.155029,3.126914,7.101753,3.974839
kcd2_scene1_traj_0023,9,22.139687,3.07652,7.101753,4.025232
kcd2_scene1_traj_0024,8,17.845192,2.665838,7.101753,4.435914
kcd2_scene1_traj_0025,6,12.944761,4.315371,7.101753,2.786382
kcd2_scene1_traj_0026,9,20.710952,3.477101,7.101753,3.624652
kcd2_scene1_traj_0027,10,22.43623,3.572966,7.101753,3.528787
kcd2_scene1_traj_0028,9,21.284002,3.071338,7.101753,4.030415
kcd2_scene1_traj_0029,9,21.284002,3.308894,7.101753,3.792859
kcd2_scene1_traj_0030,10,21.63289,3.063681,7.101753,4.038072
kcd2_scene1_traj_0031,8,19.155029,3.18521,7.101753,3.916543
kcd2_scene1_traj_0032,8,17.845192,3.167916,7.101753,3.933836
kcd2_scene1_traj_0033,6,14.242066,3.502543,7.101753,3.599209
kcd2_scene1_traj_0034,10,23.233494,2.915615,7.101753,4.186138
kcd2_scene1_traj_0035,9,20.885488,3.225578,7.101753,3.876175
kcd2_scene1_traj_0036,9,21.025981,3.018076,7.101753,4.083676
kcd2_scene1_traj_0037,10,22.308407,3.082108,7.101753,4.019645
kcd2_scene1_traj_0038,8,19.354285,3.014032,7.101753,4.087721
kcd2_scene1_traj_0039,7,17.226725,3.137172,7.101753,3.964581
kcd2_scene1_traj_0040,9,20.956441,3.500184,7.101753,3.601569
kcd2_scene1_traj_0041,9,22.07186,3.14672,7.101753,3.955033
kcd2_scene1_traj_0042,7,17.358155,3.130229,7.101753,3.971524
kcd2_scene1_traj_0043,8,18.96031,3.591592,7.101753,3.510161
kcd2_scene1_traj_0044,5,10.420163,3.451065,7.101753,3.650688
kcd2_scene1_traj_0045,8,20.012127,3.729195,7.101753,3.372557
kcd2_scene1_traj_0046,8,18.963121,3.433102,7.101753,3.668651
kcd2_scene1_traj_0047,9,21.696354,3.542249,7.101753,3.559504
kcd2_scene1_traj_0048,7,14.195973,3.342446,7.101753,3.759306
kcd2_scene1_traj_0049,9,22.267991,3.2573,7.101753,3.844453
kcd2_scene1_traj_0050,9,21.084745,3.333287,7.101753,3.768465
kcd2_scene1_traj_0051,9,21.948261,3.334133,7.101753,3.76762
kcd2_scene1_traj_0052,10,22.758155,3.221007,7.101753,3.880745
kcd2_scene1_traj_0053,6,14.113762,3.586919,7.101753,3.514833
kcd2_scene1_traj_0054,6,14.245192,3.16551,7.101753,3.936243
kcd2_scene1_traj_0055,7,15.262173,3.332238,7.101753,3.769515
kcd2_scene1_traj_0056,9,21.892485,3.593196,7.101753,3.508557
kcd2_scene1_traj_0057,10,21.761194,3.151546,7.101753,3.950207
kcd2_scene1_traj_0058,8,18.711696,3.29349,7.101753,3.808262
kcd2_scene1_traj_0059,9,22.00967,3.100514,7.101753,4.001239
kcd2_scene1_traj_0060,7,16.173496,3.005265,7.101753,4.096488
kcd2_scene1_traj_0061,6,12.876934,3.24286,7.101753,3.858892
kcd2_scene1_traj_0062,9,22.208926,3.289426,7.101753,3.812326
kcd2_scene1_traj_0063,8,19.166917,3.344771,7.101753,3.756982
kcd2_scene1_traj_0064,9,22.134848,3.059881,7.101753,4.041872
kcd2_scene1_traj_0065,7,15.370156,2.666669,7.101753,4.435083
kcd2_scene1_traj_0066,9,22.139687,3.150712,7.101753,3.951041
kcd2_scene1_traj_0067,9,21.481921,3.49846,7.101753,3.603293
kcd2_scene1_traj_0068,10,21.891211,3.039442,7.101753,4.062311
kcd2_scene1_traj_0069,9,21.282288,3.137047,7.101753,3.964706
kcd2_scene1_traj_0070,6,11.962624,3.052347,7.101753,4.049406
kcd2_scene1_traj_0071,7,17.358155,3.143984,7.101753,3.957769
kcd2_scene1_traj_0072,7,17.297677,3.128574,7.101753,3.973178
kcd2_scene1_traj_0073,9,21.617093,3.62743,7.101753,3.474322
kcd2_scene1_traj_0074,7,15.997247,3.240839,7.101753,3.860914
kcd2_scene1_traj_0075,6,13.462173,3.132782,7.101753,3.968971
kcd2_scene1_traj_0076,9,21.565063,3.108227,7.101753,3.993526
kcd2_scene1_traj_0077,8,19.035487,3.161107,7.101753,3.940645
kcd2_scene1_traj_0078,7,15.79799,3.162986,7.101753,3.938767
kcd2_scene1_traj_0079,10,22.685488,3.097606,7.101753,4.004147
kcd2_scene1_traj_0080,6,12.944761,4.377321,7.101753,2.724432
kcd2_scene1_traj_0081,9,21.751649,3.792388,7.101753,3.309365
kcd2_scene1_traj_0082,9,21.154285,3.118108,7.101753,3.983645
kcd2_scene1_traj_0083,7,16.176622,4.107689,7.101753,2.994064
kcd2_scene1_traj_0084,6,14.113762,4.582373,7.101753,2.51938
kcd2_scene1_traj_0085,8,16.303212,3.096674,7.101753,4.005079
kcd2_scene1_traj_0086,6,11.215853,3.530793,7.101753,3.57096
kcd2_scene1_traj_0087,10,22.754727,2.969079,7.101753,4.132673
kcd2_scene1_traj_0088,10,22.755029,3.249828,7.101753,3.851925
kcd2_scene1_traj_0089,7,15.737513,3.605772,7.101753,3.49598
kcd2_scene1_traj_0090,7,16.244449,3.517508,7.101753,3.584244
kcd2_scene1_traj_0091,10,23.679953,3.583194,7.101753,3.518559
kcd2_scene1_traj_0092,9,22.07921,3.043643,7.101753,4.05811
kcd2_scene1_traj_0093,7,15.865817,3.606216,7.101753,3.495537
kcd2_scene1_traj_0094,6,13.071009,3.689251,7.101753,3.412501
kcd2_scene1_traj_0095,9,22.006544,3.277363,7.101753,3.82439
kcd2_scene1_traj_0096,6,13.261203,4.328559,7.101753,2.773193
kcd2_scene1_traj_0097,6,14.313019,3.979155,7.101753,3.122598
kcd2_scene1_traj_0098,9,19.708355,3.290823,7.101753,3.81093
kcd2_scene1_traj_0099,9,22.267991,3.21805,7.101753,3.883702
kcd2_scene1_traj_0100,6,13.076191,3.506593,7.101753,3.59516
kcd2_scene1_traj_0101,8,18.841551,3.547773,7.101753,3.553979
kcd2_scene1_traj_0102,9,21.821532,3.412024,7.101753,3.689729
kcd2_scene1_traj_0103,10,21.772452,2.986756,7.101753,4.114997
kcd2_scene1_traj_0104,8,17.784715,3.682554,7.101753,3.419199
kcd2_scene1_traj_0105,6,12.275801,3.108845,7.101753,3.992907
kcd2_scene1_traj_0106,5,11.462916,4.112062,7.101753,2.98969
kcd2_scene1_traj_0107,10,23.503843,3.089357,7.101753,4.012395
kcd2_scene1_traj_0108,9,19.768833,3.079878,7.101753,4.021874
kcd2_scene1_traj_0109,7,15.66656,4.052876,7.101753,3.048877
kcd2_scene1_traj_0110,8,19.286459,3.126914,7.101753,3.974839
kcd2_scene1_traj_0111,7,16.304926,3.07652,7.101753,4.025232
kcd2_scene1_traj_0112,8,17.983972,2.665838,7.101753,4.435914
kcd2_scene1_traj_0113,6,13.076191,3.477101,7.101753,3.624652
kcd2_scene1_traj_0114,10,21.699304,3.200339,7.101753,3.901414
kcd2_scene1_traj_0115,10,23.561194,3.071338,7.101753,4.030415
kcd2_scene1_traj_0116,10,22.695964,2.902256,7.101753,4.199497
kcd2_scene1_traj_0117,9,21.027394,3.063681,7.101753,4.038072
kcd2_scene1_traj_0118,7,17.486459,3.184337,7.101753,3.917416
kcd2_scene1_traj_0119,8,20.211383,3.173759,7.101753,3.927994
kcd2_scene1_traj_0120,8,17.845192,3.502543,7.101753,3.599209
kcd2_scene1_traj_0121,9,22.137974,3.644357,7.101753,3.457396
kcd2_scene1_traj_0122,8,19.039256,3.140027,7.101753,3.961726
kcd2_scene1_traj_0123,10,21.690241,3.352262,7.101753,3.749491
kcd2_scene1_traj_0124,9,19.980102,3.146432,7.101753,3.955321
kcd2_scene1_traj_0125,10,22.437944,3.184109,7.101753,3.917644
kcd2_scene1_traj_0126,7,17.226725,3.137172,7.101753,3.964581
kcd2_scene1_traj_0127,8,19.153315,3.068099,7.101753,4.033654
kcd2_scene1_traj_0128,9,21.821532,3.114912,7.101753,3.986841
kcd2_scene1_traj_0129,9,20.151688,3.130229,7.101753,3.971524
kcd2_scene1_traj_0130,9,19.776182,3.591592,7.101753,3.510161
kcd2_scene1_traj_0131,7,15.865817,4.097495,7.101753,3.004258
kcd2_scene1_traj_0132,5,10.409688,3.704659,7.101753,3.397094
kcd2_scene1_traj_0133,9,20.763121,3.967927,7.101753,3.133826
kcd2_scene1_traj_0134,7,15.989897,3.503039,7.101753,3.598713
kcd2_scene1_traj_0135,6,13.330743,4.569206,7.101753,2.532547
kcd2_scene1_traj_0136,9,20.89909,3.086889,7.101753,4.014864
kcd2_scene1_traj_0137,7,14.847562,3.586919,7.101753,3.514833
kcd2_scene1_traj_0138,7,14.978992,2.844973,7.101753,4.25678
kcd2_scene1_traj_0139,7,15.061203,3.332238,7.101753,3.769515
kcd2_scene1_traj_0140,8,18.911091,3.328988,7.101753,3.772765
kcd2_scene1_traj_0141,10,22.017801,3.151546,7.101753,3.950207
kcd2_scene1_traj_0142,9,20.50857,3.655284,7.101753,3.446469
kcd2_scene1_traj_0143,7,16.176622,3.005265,7.101753,4.096488
kcd2_scene1_traj_0144,7,15.19122,3.577866,7.101753,3.523887
kcd2_scene1_traj_0145,10,23.151828,3.317915,7.101753,3.783838
kcd2_scene1_traj_0146,7,15.669686,3.667965,7.101753,3.433787
kcd2_scene1_traj_0147,9,22.139687,3.183681,7.101753,3.918072
kcd2_scene1_traj_0148,10,21.682891,3.123518,7.101753,3.978235
kcd2_scene1_traj_0149,9,21.574469,3.928301,7.101753,3.173452
kcd2_scene1_traj_0150,9,21.938717,3.396245,7.101753,3.705508
kcd2_scene1_traj_0151,7,14.812727,2.991005,7.101753,4.110748
kcd2_scene1_traj_0152,10,23.888754,2.965102,7.101753,4.136651
kcd2_scene1_traj_0153,8,19.295221,3.161107,7.101753,3.940645
kcd2_scene1_traj_0154,8,19.948523,2.984592,7.101753,4.117161
kcd2_scene1_traj_0155,7,17.486459,3.21021,7.101753,3.891543
kcd2_scene1_traj_0156,9,22.008257,3.792388,7.101753,3.309365
kcd2_scene1_traj_0157,7,15.062916,3.118108,7.101753,3.983645
kcd2_scene1_traj_0158,6,14.245192,4.107689,7.101753,2.994064
kcd2_scene1_traj_0159,7,14.7449,3.167927,7.101753,3.933826
kcd2_scene1_traj_0160,5,10.420163,3.217884,7.101753,3.883869
kcd2_scene1_traj_0161,9,20.70577,2.969079,7.101753,4.132673
kcd2_scene1_traj_0162,8,16.849945,3.605772,7.101753,3.49598
kcd2_scene1_traj_0163,6,14.313019,3.517508,7.101753,3.584244
kcd2_scene1_traj_0164,6,14.444449,3.043643,7.101753,4.05811
kcd2_scene1_traj_0165,7,14.874616,2.850543,7.101753,4.25121
kcd2_scene1_traj_0166,6,13.132899,3.689251,7.101753,3.412501
kcd2_scene1_traj_0167,9,20.778918,2.933532,7.101753,4.168221
kcd2_scene1_traj_0168,8,18.97143,3.290823,7.101753,3.81093
kcd2_scene1_traj_0169,6,14.245192,3.713077,7.101753,3.388676
kcd2_scene1_traj_0170,9,20.638425,3.547773,7.101753,3.553979
kcd2_scene1_traj_0171,9,21.999194,3.412024,7.101753,3.689729
kcd2_scene1_traj_0172,9,20.449644,2.988959,7.101753,4.112794
kcd2_scene1_traj_0173,6,12.217037,3.108845,7.101753,3.992907
kcd2_scene1_traj_0174,8,19.218632,3.132018,7.101753,3.969735
kcd2_scene1_traj_0175,8,19.361635,3.089357,7.101753,4.012395
kcd2_scene1_traj_0176,9,19.505973,3.079878,7.101753,4.021874
kcd2_scene1_traj_0177,9,21.892485,3.284955,7.101753,3.816798
kcd2_scene1_traj_0178,10,22.112439,3.20497,7.101753,3.896782
kcd2_scene1_traj_0179,7,16.042066,3.07652,7.101753,4.025232
kcd2_scene1_traj_0180,7,15.238726,2.665838,7.101753,4.435914
kcd2_scene1_traj_0181,7,17.486459,3.153903,7.101753,3.947849
kcd2_scene1_traj_0182,10,22.56766,3.200339,7.101753,3.901414
kcd2_scene1_traj_0183,9,21.152572,3.071338,7.101753,4.030415
kcd2_scene1_traj_0184,9,21.083031,2.902256,7.101753,4.199497
kcd2_scene1_traj_0185,8,18.051798,2.915615,7.101753,4.186138
kcd2_scene1_traj_0186,8,19.094551,3.018076,7.101753,4.083676
kcd2_scene1_traj_0187,7,16.438866,3.099758,7.101753,4.001995
kcd2_scene1_traj_0188,10,22.884745,3.180241,7.101753,3.921512
kcd2_scene1_traj_0189,10,22.565946,3.106525,7.101753,3.995227
kcd2_scene1_traj_0190,8,19.286459,3.130229,7.101753,3.971524
kcd2_scene1_traj_0191,7,17.223599,3.474814,7.101753,3.626939
kcd2_scene1_traj_0192,6,12.407231,2.935684,7.101753,4.166068
kcd2_scene1_traj_0193,9,21.015205,3.857718,7.101753,3.244035
kcd2_scene1_traj_0194,8,18.711834,3.1239,7.101753,3.977852
kcd2_scene1_traj_0195,5,10.102147,3.01841,7.101753,4.083343
kcd2_scene1_traj_0196,9,21.152572,3.464556,7.101753,3.637197
kcd2_scene1_traj_0197,6,14.376622,3.586919,7.101753,3.514833
kcd2_scene1_traj_0198,8,17.845192,3.941568,7.101753,3.160185
kcd2_scene1_traj_0199,9,21.889359,3.593196,7.101753,3.508557
kcd2_scene1_traj_0200,8,18.97143,2.973944,7.101753,4.127809
kcd2_scene1_traj_0201,9,19.576925,3.24286,7.101753,3.858892
kcd2_scene1_traj_0202,7,16.440579,2.666669,7.101753,4.435083
kcd2_scene1_traj_0203,9,20.751247,3.123518,7.101753,3.978235
kcd2_scene1_traj_0204,10,22.756441,3.528058,7.101753,3.573695
kcd2_scene1_traj_0205,7,16.372753,2.991005,7.101753,4.110748
kcd2_scene1_traj_0206,9,20.766247,3.130643,7.101753,3.97111
kcd2_scene1_traj_0207,9,20.706113,3.161107,7.101753,3.940645
kcd2_scene1_traj_0208,9,21.764181,3.704659,7.101753,3.397093
kcd2_scene1_traj_0209,10,21.951688,3.21021,7.101753,3.891543
kcd2_scene1_traj_0210,7,14.978992,4.107689,7.101753,2.994064
kcd2_scene1_traj_0211,5,10.477514,3.253885,7.101753,3.847868
kcd2_scene1_traj_0212,9,20.965504,3.139935,7.101753,3.961818
kcd2_scene1_traj_0213,7,16.113019,3.790115,7.101753,3.311638
kcd2_scene1_traj_0214,7,16.244449,3.517508,7.101753,3.584244
kcd2_scene1_traj_0215,7,14.944157,2.742354,7.101753,4.359399
kcd2_scene1_traj_0216,5,10.230451,3.218769,7.101753,3.882984
kcd2_scene1_traj_0217,9,22.020789,3.288015,7.101753,3.813737
kcd2_scene1_traj_0218,10,20.502632,3.079878,7.101753,4.021874
kcd2_scene1_traj_0219,7,15.669686,4.052876,7.101753,3.048877
kcd2_scene1_traj_0220,7,17.358155,3.126914,7.101753,3.974839
kcd2_scene1_traj_0221,8,16.534916,3.349585,7.101753,3.752168
kcd2_scene1_traj_0222,10,22.952572,3.572966,7.101753,3.528787
kcd2_scene1_traj_0223,10,22.952572,3.071338,7.101753,4.030415
kcd2_scene1_traj_0224,9,21.027394,3.308894,7.101753,3.792859
kcd2_scene1_traj_0225,10,22.884745,3.528285,7.101753,3.573468
kcd2_scene1_traj_0226,9,20.907083,3.531991,7.101753,3.569762
kcd2_scene1_traj_0227,8,17.724719,3.068099,7.101753,4.033654
kcd2_scene1_traj_0228,7,17.226725,3.474814,7.101753,3.626939
kcd2_scene1_traj_0229,9,20.953315,3.458037,7.101753,3.643716
kcd2_scene1_traj_0230,8,18.711834,3.1239,7.101753,3.977852
kcd2_scene1_traj_0231,9,19.961194,3.334133,7.101753,3.76762
kcd2_scene1_traj_0232,6,11.21444,3.586919,7.101753,3.514833
kcd2_scene1_traj_0233,8,17.845192,2.844973,7.101753,4.25678
kcd2_scene1_traj_0234,9,21.889359,3.593196,7.101753,3.508557
kcd2_scene1_traj_0235,6,14.376622,2.666669,7.101753,4.435083
kcd2_scene1_traj_0236,10,22.304045,3.49846,7.101753,3.603293
kcd2_scene1_traj_0237,5,10.548467,3.148057,7.101753,3.953696
kcd2_scene1_traj_0238,9,21.824797,2.965102,7.101753,4.136651
kcd2_scene1_traj_0239,9,19.516587,2.984592,7.101753,4.117161
kcd2_scene1_traj_0240,7,15.801116,3.334288,7.101753,3.767465
kcd2_scene1_traj_0241,7,15.409159,3.253885,7.101753,3.847868
kcd2_scene1_traj_0242,6,14.444449,3.110243,7.101753,3.991509
kcd2_scene1_traj_0243,7,15.049945,3.517508,7.101753,3.584244
kcd2_scene1_traj_0244,9,20.777204,3.102059,7.101753,3.999694
kcd2_scene1_traj_0245,9,21.889359,3.284955,7.101753,3.816798
kcd2_scene1_traj_0246,7,17.358155,3.126914,7.101753,3.974839
kcd2_scene1_traj_0247,7,15.913762,2.665838,7.101753,4.435914
kcd2_scene1_traj_0248,9,21.819957,3.572966,7.101753,3.528787
kcd2_scene1_traj_0249,9,20.088085,3.014032,7.101753,4.087721
kcd2_scene1_traj_0250,9,19.776182,3.464664,7.101753,3.637088
kcd2_scene1_traj_0251,9,20.894551,3.967927,7.101753,3.133826
kcd2_scene1_traj_0252,8,18.708708,3.1239,7.101753,3.977852
kcd2_scene1_traj_0253,7,16.176622,2.844973,7.101753,4.25678
kcd2_scene1_traj_0254,5,10.359686,3.328988,7.101753,3.772765
kcd2_scene1_traj_0255,7,15.66656,3.667965,7.101753,3.433787
kcd2_scene1_traj_0256,10,22.419817,3.123518,7.101753,3.978235
kcd2_scene1_traj_0257,5,10.350623,3.148057,7.101753,3.953696
kcd2_scene1_traj_0258,10,22.756441,3.108227,7.101753,3.993526
kcd2_scene1_traj_0259,7,15.801116,3.334288,7.101753,3.767465
kcd2_scene1_traj_0260,8,16.849945,3.790115,7.101753,3.311638
kcd2_scene1_traj_0261,5,10.420163,3.910715,7.101753,3.191038
kcd2_scene1_traj_0262,8,18.171039,3.288015,7.101753,3.813737
kcd2_scene1_traj_0263,8,19.286459,3.126914,7.101753,3.974839
kcd2_scene1_traj_0264,8,17.845192,2.665838,7.101753,4.435914
kcd2_scene1_traj_0265,10,22.822554,3.025004,7.101753,4.076748
kcd2_scene1_traj_0266,9,19.953844,3.591592,7.101753,3.510161
kcd2_scene1_traj_0267,9,21.095221,2.96102,7.101753,4.140732
kcd2_scene1_traj_0268,8,18.708708,3.1239,7.101753,3.977852
kcd2_scene1_traj_0269,7,15.241852,2.844973,7.101753,4.25678
kcd2_scene1_traj_0270,5,10.477514,4.18785,7.101753,2.913903
kcd2_scene1_traj_0271,9,20.64,3.49846,7.101753,3.603293
kcd2_scene1_traj_0272,10,21.82902,3.130643,7.101753,3.97111
kcd2_scene1_traj_0273,7,16.113019,3.110243,7.101753,3.991509
kcd2_scene1_traj_0274,5,10.162485,4.52943,7.101753,2.572322
kcd2_scene1_traj_0275,9,19.970738,3.102059,7.101753,3.999694
kcd2_scene1_traj_0276,8,18.910952,3.57895,7.101753,3.522802
kcd2_scene1_traj_0277,7,16.045192,2.665838,7.101753,4.435914
kcd2_scene1_traj_0278,9,19.950718,3.464664,7.101753,3.637088
kcd2_scene1_traj_0279,10,21.377064,3.1239,7.101753,3.977852
kcd2_scene1_traj_0280,7,16.304926,2.666669,7.101753,4.435083
kcd2_scene1_traj_0281,9,21.744781,3.49846,7.101753,3.603293
kcd2_scene1_traj_0282,9,21.96045,2.965102,7.101753,4.136651
kcd2_scene1_traj_0283,9,19.776182,3.464664,7.101753,3.637088
kcd2_scene1_traj_0284,7,15.370156,2.666669,7.101753,4.435083
kcd2_scene1_traj_0285,10,21.500047,3.108227,7.101753,3.993526
kcd2_scene1_traj_0286,9,19.776182,3.591592,7.101753,3.510161
kcd2_scene1_traj_0287,9,21.96045,2.965102,7.101753,4.136651
kcd2_scene1_traj_0288,9,20.825011,3.108227,7.101753,3.993526
kcd2_scene1_traj_0289,10,22.697376,2.965102,7.101753,4.136651
kcd2_scene1_traj_0290,9,22.077496,3.267793,7.101753,3.83396
kcd2_scene1_traj_0291,6,13.330743,3.689251,7.101753,3.412501
kcd2_scene1_traj_0292,9,21.688046,3.587878,7.101753,3.513875
kcd2_scene1_traj_0293,7,14.999313,3.766129,7.101753,3.335624
kcd2_scene1_traj_0294,5,11.59122,3.698732,7.101753,3.40302
kcd2_scene1_traj_0295,8,19.354285,3.210413,7.101753,3.891339
kcd2_scene1_traj_0296,9,21.879953,3.21805,7.101753,3.883702
kcd2_scene1_traj_0297,5,10.48799,3.102059,7.101753,3.999694
kcd2_scene1_traj_0298,9,22.207514,3.128625,7.101753,3.973128
kcd2_scene1_traj_0299,5,10.278258,4.030247,7.101753,3.071506
kcd2_scene1_traj_0300,10,23.74778,3.502455,7.101753,3.599298
kcd2_scene1_traj_0301,5,10.031194,3.018188,7.101753,4.083564
kcd2_scene1_traj_0302,10,22.252631,3.089357,7.101753,4.012395
kcd2_scene1_traj_0303,8,18.772173,3.079878,7.101753,4.021874
kcd2_scene1_traj_0304,9,21.033812,2.954571,7.101753,4.147181
kcd2_scene1_traj_0305,9,19.644752,3.57895,7.101753,3.522802
kcd2_scene1_traj_0306,9,22.008257,3.07652,7.101753,4.025232
kcd2_scene1_traj_0307,9,20.958155,3.153903,7.101753,3.947849
kcd2_scene1_traj_0308,10,22.754727,3.311275,7.101753,3.790478
kcd2_scene1_traj_0309,8,19.224268,3.071338,7.101753,4.030415
kcd2_scene1_traj_0310,9,20.089498,2.902256,7.101753,4.199497
kcd2_scene1_traj_0311,10,22.569716,3.063681,7.101753,4.038072
kcd2_scene1_traj_0312,8,19.026725,3.728394,7.101753,3.373359
kcd2_scene1_traj_0313,9,22.008257,3.173759,7.101753,3.927994
kcd2_scene1_traj_0314,9,22.139687,3.246315,7.101753,3.855438
kcd2_scene1_traj_0315,8,20.14778,3.140337,7.101753,3.961416
kcd2_scene1_traj_0316,8,18.779522,3.341438,7.101753,3.760315
kcd2_scene1_traj_0317,7,17.425981,4.111848,7.101753,2.989905
kcd2_scene1_traj_0318,9,20.709377,3.082108,7.101753,4.019645
kcd2_scene1_traj_0319,10,22.683775,3.531991,7.101753,3.569762
kcd2_scene1_traj_0320,10,22.496707,3.500184,7.101753,3.601569
kcd2_scene1_traj_0321,8,19.158155,3.094111,7.101753,4.007641
kcd2_scene1_traj_0322,9,19.950718,3.464664,7.101753,3.637088
kcd2_scene1_traj_0323,5,10.478927,4.427741,7.101753,2.674012
kcd2_scene1_traj_0324,8,20.012127,3.729195,7.101753,3.372557
kcd2_scene1_traj_0325,9,20.953315,3.433102,7.101753,3.668651
kcd2_scene1_traj_0326,7,14.929773,3.342446,7.101753,3.759306
kcd2_scene1_traj_0327,9,20.89909,3.086889,7.101753,4.014864
kcd2_scene1_traj_0328,7,15.110422,3.586919,7.101753,3.514833
kcd2_scene1_traj_0329,8,15.61013,2.844973,7.101753,4.25678
kcd2_scene1_traj_0330,9,21.378477,3.073293,7.101753,4.02846
kcd2_scene1_traj_0331,9,21.027394,3.151546,7.101753,3.950207
kcd2_scene1_traj_0332,8,19.225981,3.474038,7.101753,3.627715
kcd2_scene1_traj_0333,5,10.34921,3.005265,7.101753,4.096488
kcd2_scene1_traj_0334,9,20.835487,3.317915,7.101753,3.783838
kcd2_scene1_traj_0335,9,22.1411,3.077212,7.101753,4.02454
kcd2_scene1_traj_0336,8,17.976622,3.150712,7.101753,3.951041
kcd2_scene1_traj_0337,10,21.420031,3.123518,7.101753,3.978235
kcd2_scene1_traj_0338,9,22.080622,3.151265,7.101753,3.950488
kcd2_scene1_traj_0339,8,19.028137,3.644978,7.101753,3.456775
kcd2_scene1_traj_0340,9,21.084745,3.128574,7.101753,3.973178
kcd2_scene1_traj_0341,9,21.620219,3.62743,7.101753,3.474322
kcd2_scene1_traj_0342,5,10.607231,3.148057,7.101753,3.953696
kcd2_scene1_traj_0343,9,21.084745,3.169531,7.101753,3.932221
kcd2_scene1_traj_0344,9,21.095221,3.161107,7.101753,3.940645
kcd2_scene1_traj_0345,5,10.48799,3.568866,7.101753,3.532886
kcd2_scene1_traj_0346,10,22.758155,3.097606,7.101753,4.004147
kcd2_scene1_traj_0347,7,14.675221,3.652898,7.101753,3.448854
kcd2_scene1_traj_0348,9,21.949193,3.446842,7.101753,3.65491
kcd2_scene1_traj_0349,7,14.978992,4.107689,7.101753,2.994064
kcd2_scene1_traj_0350,8,20.211383,3.754714,7.101753,3.347039
kcd2_scene1_traj_0351,9,22.130624,3.337024,7.101753,3.764729
kcd2_scene1_traj_0352,8,20.339687,3.227361,7.101753,3.874392
kcd2_scene1_traj_0353,5,10.219193,3.172892,7.101753,3.92886
kcd2_scene1_traj_0354,6,14.181589,3.605772,7.101753,3.49598
kcd2_scene1_traj_0355,7,14.812727,3.119233,7.101753,3.98252
kcd2_scene1_traj_0356,9,22.208926,3.151613,7.101753,3.95014
kcd2_scene1_traj_0357,8,20.268734,3.312168,7.101753,3.789585
kcd2_scene1_traj_0358,7,14.815853,2.850543,7.101753,4.25121
kcd2_scene1_traj_0359,9,22.077496,3.267793,7.101753,3.83396
kcd2_scene1_traj_0360,6,13.199313,4.439395,7.101753,2.662358
kcd2_scene1_traj_0361,9,22.266277,3.277363,7.101753,3.82439
kcd2_scene1_traj_0362,5,11.530743,4.620866,7.101753,2.480887
kcd2_scene1_traj_0363,9,20.953315,3.210413,7.101753,3.891339
kcd2_scene1_traj_0364,9,22.020789,3.288015,7.101753,3.813737
kcd2_scene1_traj_0365,10,23.349267,3.412024,7.101753,3.689729
kcd2_scene1_traj_0366,8,17.457497,3.167553,7.101753,3.9342
kcd2_scene1_traj_0367,10,23.74778,3.551657,7.101753,3.550096
kcd2_scene1_traj_0368,10,22.986431,3.089357,7.101753,4.012395
kcd2_scene1_traj_0369,8,18.911091,3.284955,7.101753,3.816798
kcd2_scene1_traj_0370,9,22.139687,3.07652,7.101753,4.025232
kcd2_scene1_traj_0371,5,11.659047,3.903244,7.101753,3.198509
kcd2_scene1_traj_0372,10,21.899973,3.311275,7.101753,3.790478
kcd2_scene1_traj_0373,9,21.024268,3.071338,7.101753,4.030415
kcd2_scene1_traj_0374,9,20.76766,3.308894,7.101753,3.792859
kcd2_scene1_traj_0375,10,21.886372,3.063681,7.101753,4.038072
kcd2_scene1_traj_0376,8,20.407514,3.140337,7.101753,3.961416
kcd2_scene1_traj_0377,10,22.381074,3.082108,7.101753,4.019645
kcd2_scene1_traj_0378,9,21.220398,3.180241,7.101753,3.921512
kcd2_scene1_traj_0379,9,19.690984,3.464664,7.101753,3.637088
kcd2_scene1_traj_0380,9,20.380266,3.967927,7.101753,3.133826
kcd2_scene1_traj_0381,8,14.932899,3.342446,7.101753,3.759306
kcd2_scene1_traj_0382,9,21.948261,3.464556,7.101753,3.637197
kcd2_scene1_traj_0383,7,16.176622,2.844973,7.101753,4.25678
kcd2_scene1_traj_0384,8,18.97143,2.973944,7.101753,4.127809
kcd2_scene1_traj_0385,9,21.423157,3.123518,7.101753,3.978235
kcd2_scene1_traj_0386,9,20.897376,3.083729,7.101753,4.018023
kcd2_scene1_traj_0387,9,22.198451,3.396245,7.101753,3.705508
kcd2_scene1_traj_0388,6,12.217037,3.240839,7.101753,3.860914
kcd2_scene1_traj_0389,5,11.59857,4.548801,7.101753,2.552952
kcd2_scene1_traj_0390,8,20.208257,2.984592,7.101753,4.117161
kcd2_scene1_traj_0391,9,22.070147,3.57598,7.101753,3.525773
kcd2_scene1_traj_0392,9,22.07921,3.096674,7.101753,4.005079
kcd2_scene1_traj_0393,9,22.011383,3.418609,7.101753,3.683144
kcd2_scene1_traj_0394,7,14.009386,3.110243,7.101753,3.991509
kcd2_scene1_traj_0395,9,22.2058,3.151613,7.101753,3.95014
kcd2_scene1_traj_0396,5,10.219193,4.39849,7.101753,2.703263
kcd2_scene1_traj_0397,6,12.395973,3.689251,7.101753,3.412501
kcd2_scene1_traj_0398,10,23.619476,2.933532,7.101753,4.168221
kcd2_scene1_traj_0399,7,14.929773,3.766129,7.101753,3.335624
kcd2_scene1_traj_0400,9,20.638425,3.288015,7.101753,3.813737
kcd2_scene1_traj_0401,7,16.570296,2.986756,7.101753,4.114997
kcd2_scene1_traj_0402,10,22.156581,3.311275,7.101753,3.790478
kcd2_scene1_traj_0403,10,21.886372,2.902256,7.101753,4.199497
kcd2_scene1_traj_0404,9,20.449644,3.082108,7.101753,4.019645
kcd2_scene1_traj_0405,9,21.82902,3.014032,7.101753,4.087721
kcd2_scene1_traj_0406,10,22.48593,3.433102,7.101753,3.668651
kcd2_scene1_traj_0407,5,11.59122,3.474038,7.101753,3.627715
kcd2_scene1_traj_0408,10,23.238815,3.49846,7.101753,3.603293
kcd2_scene1_traj_0409,9,21.75213,3.644978,7.101753,3.456775
kcd2_scene1_traj_0410,9,22.077496,3.470459,7.101753,3.631293
kcd2_scene1_traj_0411,9,20.953315,3.108227,7.101753,3.993526
kcd2_scene1_traj_0412,9,21.764181,3.704659,7.101753,3.397093
kcd2_scene1_traj_0413,7,16.113019,3.606216,7.101753,3.495537
kcd2_scene1_traj_0414,9,21.247047,3.547773,7.101753,3.553979
kcd2_scene1_traj_0415,9,21.027394,3.308894,7.101753,3.792859
kcd2_scene1_traj_0416,9,21.314873,3.183849,7.101753,3.917904
kcd2_scene1_traj_0417,8,19.284745,3.531991,7.101753,3.569762
kcd2_scene1_traj_0418,10,22.638613,2.96102,7.101753,4.140732
kcd2_scene1_traj_0419,9,21.938717,3.396245,7.101753,3.705508
kcd2_scene1_traj_0420,9,21.821671,2.965102,7.101753,4.136651
kcd2_scene1_traj_0421,8,20.208257,2.984592,7.101753,4.117161
kcd2_scene1_traj_0422,9,22.020789,3.288015,7.101753,3.813737
kcd2_scene1_traj_0423,9,20.892838,2.902256,7.101753,4.199497
kcd2_scene1_traj_0424,10,21.89091,3.184109,7.101753,3.917644
kcd2_scene1_traj_0425,10,23.151828,2.96102,7.101753,4.140732
kcd2_scene1_traj_0426,10,22.437642,3.130643,7.101753,3.97111
kcd2_scene1_traj_0427,9,20.638425,3.288015,7.101753,3.813737
kcd2_scene1_traj_0428,9,20.953315,3.108227,7.101753,3.993526
kcd2_scene1_traj_0429,10,23.888754,2.965102,7.101753,4.136651
kcd2_scene1_traj_0430,5,11.59857,4.548801,7.101753,2.552952
kcd2_scene1_traj_0431,9,21.761055,2.987096,7.101753,4.114657
kcd2_scene1_traj_0432,7,14.999313,3.582251,7.101753,3.519502
kcd2_scene1_traj_0433,9,21.688046,3.587878,7.101753,3.513875
kcd2_scene1_traj_0434,6,13.330743,4.620866,7.101753,2.480887
kcd2_scene1_traj_0435,7,15.730163,3.394363,7.101753,3.70739
kcd2_scene1_traj_0436,5,11.331486,3.698732,7.101753,3.40302
kcd2_scene1_traj_0437,9,22.267991,3.713077,7.101753,3.388676
kcd2_scene1_traj_0438,6,13.076191,3.634676,7.101753,3.467077
kcd2_scene1_traj_0439,9,19.644891,3.102059,7.101753,3.999694
kcd2_scene1_traj_0440,9,22.207514,3.128625,7.101753,3.973128
kcd2_scene1_traj_0441,6,14.572753,3.196173,7.101753,3.90558
kcd2_scene1_traj_0442,10,21.841992,2.962409,7.101753,4.139344
kcd2_scene1_traj_0443,8,16.846819,3.682554,7.101753,3.419199
kcd2_scene1_traj_0444,7,14.743186,3.108845,7.101753,3.992907
kcd2_scene1_traj_0445,8,18.958898,3.132018,7.101753,3.969735
kcd2_scene1_traj_0446,9,20.580935,3.130347,7.101753,3.971406
kcd2_scene1_traj_0447,5,11.391963,3.554398,7.101753,3.547355
kcd2_scene1_traj_0448,9,21.632751,2.992438,7.101753,4.109315
kcd2_scene1_traj_0449,6,12.944761,4.12044,7.101753,2.981313
kcd2_scene1_traj_0450,9,22.136561,3.161114,7.101753,3.940639
kcd2_scene1_traj_0451,6,14.504926,3.169985,7.101753,3.931768
kcd2_scene1_traj_0452,6,12.944761,3.519716,7.101753,3.582036
kcd2_scene1_traj_0453,9,20.710952,3.477101,7.101753,3.624652
kcd2_scene1_traj_0454,10,22.510952,3.200339,7.101753,3.901414
kcd2_scene1_traj_0455,9,20.764534,3.071338,7.101753,4.030415
kcd2_scene1_traj_0456,10,20.513108,2.901857,7.101753,4.199896
kcd2_scene1_traj_0457,9,20.582648,3.138165,7.101753,3.963588
kcd2_scene1_traj_0458,9,22.267991,3.173759,7.101753,3.927994
kcd2_scene1_traj_0459,9,22.008257,3.502543,7.101753,3.599209
kcd2_scene1_traj_0460,9,21.559742,2.915615,7.101753,4.186138
kcd2_scene1_traj_0461,8,18.898421,3.538638,7.101753,3.563115
kcd2_scene1_traj_0462,10,22.496707,3.352262,7.101753,3.749491
kcd2_scene1_traj_0463,9,20.965985,3.082108,7.101753,4.019645
kcd2_scene1_traj_0464,10,22.051661,3.025004,7.101753,4.076748
kcd2_scene1_traj_0465,8,19.155029,3.137172,7.101753,3.964581
kcd2_scene1_traj_0466,10,21.690241,3.747282,7.101753,3.354471
kcd2_scene1_traj_0467,8,20.27186,3.14672,7.101753,3.955033
kcd2_scene1_traj_0468,8,19.026725,3.130229,7.101753,3.971524
kcd2_scene1_traj_0469,5,11.659047,3.474814,7.101753,3.626939
kcd2_scene1_traj_0470,8,17.789897,3.443468,7.101753,3.658285
kcd2_scene1_traj_0471,10,21.821671,3.458037,7.101753,3.643716
kcd2_scene1_traj_0472,8,18.172753,3.1239,7.101753,3.977852
kcd2_scene1_traj_0473,7,15.262173,3.01841,7.101753,4.083343
kcd2_scene1_traj_0474,8,19.958068,3.334133,7.101753,3.76762
kcd2_scene1_traj_0475,7,15.110422,3.586919,7.101753,3.514833
kcd2_scene1_traj_0476,7,16.173496,2.844973,7.101753,4.25678
kcd2_scene1_traj_0477,5,11.402439,4.643956,7.101753,2.457797
kcd2_scene1_traj_0478,9,21.892485,3.115938,7.101753,3.985815
kcd2_scene1_traj_0479,9,20.764534,3.128326,7.101753,3.973427
kcd2_scene1_traj_0480,6,13.008364,3.732063,7.101753,3.36969
kcd2_scene1_traj_0481,9,22.266277,3.100514,7.101753,4.001239
kcd2_scene1_traj_0482,7,15.238726,3.005265,7.101753,4.096488
kcd2_scene1_traj_0483,5,11.45979,3.577866,7.101753,3.523887
kcd2_scene1_traj_0484,9,22.202674,3.289426,7.101753,3.812326
kcd2_scene1_traj_0485,10,22.895221,3.317915,7.101753,3.783838
kcd2_scene1_traj_0486,7,15.926294,3.667965,7.101753,3.433787
kcd2_scene1_traj_0487,9,22.139687,3.150712,7.101753,3.951041
kcd2_scene1_traj_0488,6,13.39122,3.310616,7.101753,3.791136
kcd2_scene1_traj_0489,9,21.764181,3.085865,7.101753,4.015888
kcd2_scene1_traj_0490,6,12.88741,4.04534,7.101753,3.056413
kcd2_scene1_traj_0491,10,22.380935,3.137047,7.101753,3.964706
kcd2_scene1_traj_0492,9,22.080622,3.470459,7.101753,3.631293
kcd2_scene1_traj_0493,8,16.484423,2.991005,7.101753,4.110748
kcd2_scene1_traj_0494,10,21.572413,3.130643,7.101753,3.97111
kcd2_scene1_traj_0495,8,20.208257,2.984592,7.101753,4.117161
kcd2_scene1_traj_0496,9,21.016918,3.097606,7.101753,4.004147
kcd2_scene1_traj_0497,6,12.947887,4.111523,7.101753,2.99023
kcd2_scene1_traj_0498,10,23.420219,3.615373,7.101753,3.48638
kcd2_scene1_traj_0499,9,21.154285,3.118108,7.101753,3.983645
kcd2_scene1_traj_0500,7,16.176622,3.103371,7.101753,3.998382
kcd2_scene1_traj_0501,6,14.373496,3.212801,7.101753,3.888952
kcd2_scene1_traj_0502,9,22.139687,3.41773,7.101753,3.684022
kcd2_scene1_traj_0503,7,16.244449,3.096674,7.101753,4.005079
kcd2_scene1_traj_0504,10,22.119789,3.139935,7.101753,3.961818
kcd2_scene1_traj_0505,5,11.391963,3.813656,7.101753,3.288096
kcd2_scene1_traj_0506,7,16.372753,3.110243,7.101753,3.991509
kcd2_scene1_traj_0507,7,15.309679,3.517508,7.101753,3.584244
kcd2_scene1_traj_0508,9,22.465534,3.151613,7.101753,3.95014
kcd2_scene1_traj_0509,9,21.73946,3.158861,7.101753,3.942892
kcd2_scene1_traj_0510,5,10.093084,4.166425,7.101753,2.935328
kcd2_scene1_traj_0511,5,10.478927,4.512036,7.101753,2.589716
kcd2_scene1_traj_0512,9,22.334104,3.267793,7.101753,3.83396
kcd2_scene1_traj_0513,5,11.402439,3.689251,7.101753,3.412501
kcd2_scene1_traj_0514,10,23.364924,2.933532,7.101753,4.168221
kcd2_scene1_traj_0515,6,13.202439,4.620866,7.101753,2.480887
kcd2_scene1_traj_0516,6,14.504926,3.713077,7.101753,3.388676
kcd2_scene1_traj_0517,6,13.076191,3.634676,7.101753,3.467077
kcd2_scene1_traj_0518,8,17.983972,3.288015,7.101753,3.813737
kcd2_scene1_traj_0519,10,23.612127,3.412024,7.101753,3.689729
kcd2_scene1_traj_0520,10,23.74778,3.502455,7.101753,3.599298
kcd2_scene1_traj_0521,7,16.113019,3.682554,7.101753,3.419199
kcd2_scene1_traj_0522,10,23.023524,3.089357,7.101753,4.012395
kcd2_scene1_traj_0523,6,13.060533,3.554398,7.101753,3.547355
kcd2_scene1_traj_0524,9,21.635877,2.992438,7.101753,4.109315
kcd2_scene1_traj_0525,6,12.947887,3.954307,7.101753,3.147445
kcd2_scene1_traj_0526,7,16.304926,3.161114,7.101753,3.940639
kcd2_scene1_traj_0527,5,11.530743,4.089581,7.101753,3.012172
kcd2_scene1_traj_0528,9,20.955029,2.569575,7.101753,4.532177
kcd2_scene1_traj_0529,8,19.0372,3.572966,7.101753,3.528787
kcd2_scene1_traj_0530,10,22.313108,3.071338,7.101753,4.030415
kcd2_scene1_traj_0531,10,23.084002,2.902256,7.101753,4.199497
kcd2_scene1_traj_0532,6,14.504926,3.173759,7.101753,3.927994
kcd2_scene1_traj_0533,7,16.176622,3.502543,7.101753,3.599209
kcd2_scene1_traj_0534,9,22.076084,3.140337,7.101753,3.961416
kcd2_scene1_traj_0535,10,22.884745,3.528285,7.101753,3.573468
kcd2_scene1_traj_0536,9,20.706251,3.082108,7.101753,4.019645
kcd2_scene1_traj_0537,10,22.566247,3.500184,7.101753,3.601569
kcd2_scene1_traj_0538,6,13.076191,4.367782,7.101753,2.733971
kcd2_scene1_traj_0539,8,16.592267,3.24231,7.101753,3.859443
kcd2_scene1_traj_0540,6,13.39857,3.967927,7.101753,3.133826
kcd2_scene1_traj_0541,9,22.07186,3.1239,7.101753,3.977852
kcd2_scene1_traj_0542,6,13.330743,4.569206,7.101753,2.532547
kcd2_scene1_traj_0543,10,23.304586,3.086889,7.101753,4.014864
kcd2_scene1_traj_0544,7,14.7449,2.844973,7.101753,4.25678
kcd2_scene1_traj_0545,7,15.130743,3.332238,7.101753,3.769515
kcd2_scene1_traj_0546,10,20.510121,3.593196,7.101753,3.508557
kcd2_scene1_traj_0547,5,11.331486,3.474038,7.101753,3.627715
kcd2_scene1_traj_0548,6,14.504926,3.19698,7.101753,3.904773
kcd2_scene1_traj_0549,5,11.45979,3.577866,7.101753,3.523887
kcd2_scene1_traj_0550,9,22.2058,3.289426,7.101753,3.812326
kcd2_scene1_traj_0551,7,15.926294,3.667965,7.101753,3.433787
kcd2_scene1_traj_0552,10,21.551461,3.123518,7.101753,3.978235
kcd2_scene1_traj_0553,10,22.566247,3.928301,7.101753,3.173452
kcd2_scene1_traj_0554,9,22.334104,3.470459,7.101753,3.631293
kcd2_scene1_traj_0555,7,16.113019,3.240839,7.101753,3.860914
kcd2_scene1_traj_0556,6,13.53,3.108227,7.101753,3.993526
kcd2_scene1_traj_0557,9,19.831958,3.704659,7.101753,3.397093
kcd2_scene1_traj_0558,5,11.260533,3.577559,7.101753,3.524193
kcd2_scene1_traj_0559,6,12.947887,3.652898,7.101753,3.448854
kcd2_scene1_traj_0560,9,21.154285,3.118108,7.101753,3.983645
kcd2_scene1_traj_0561,6,14.245192,4.107689,7.101753,2.994064
kcd2_scene1_traj_0562,6,14.572753,3.536139,7.101753,3.565614
kcd2_scene1_traj_0563,9,20.8372,2.969079,7.101753,4.132673
kcd2_scene1_traj_0564,7,14.812727,3.110243,7.101753,3.991509
kcd2_scene1_traj_0565,7,15.309679,3.517508,7.101753,3.584244
kcd2_scene1_traj_0566,7,16.372753,3.312168,7.101753,3.789585
kcd2_scene1_traj_0567,6,13.144157,2.742354,7.101753,4.359399
kcd2_scene1_traj_0568,9,21.504447,2.987096,7.101753,4.114657
kcd2_scene1_traj_0569,6,13.330743,3.689251,7.101753,3.412501
kcd2_scene1_traj_0570,6,13.202439,4.328559,7.101753,2.773193
kcd2_scene1_traj_0571,9,19.167699,3.102059,7.101753,3.999694
kcd2_scene1_traj_0572,10,23.233494,3.551657,7.101753,3.550096
kcd2_scene1_traj_0573,8,17.784715,3.682554,7.101753,3.419199
kcd2_scene1_traj_0574,6,14.512276,4.038109,7.101753,3.063643
kcd2_scene1_traj_0575,7,15.926432,3.126914,7.101753,3.974839
kcd2_scene1_traj_0576,7,16.304926,3.07652,7.101753,4.025232
kcd2_scene1_traj_0577,6,13.459047,3.310137,7.101753,3.791615
kcd2_scene1_traj_0578,10,22.569716,3.071338,7.101753,4.030415
kcd2_scene1_traj_0579,6,14.504926,3.173759,7.101753,3.927994
kcd2_scene1_traj_0580,6,14.504926,3.246315,7.101753,3.855438
kcd2_scene1_traj_0581,9,21.821671,3.018076,7.101753,4.083676
kcd2_scene1_traj_0582,10,22.565015,3.082108,7.101753,4.019645
kcd2_scene1_traj_0583,9,20.835487,3.068099,7.101753,4.033654
kcd2_scene1_traj_0584,10,22.895221,2.96102,7.101753,4.140732
kcd2_scene1_traj_0585,6,13.202439,4.569206,7.101753,2.532547
kcd2_scene1_traj_0586,7,16.057724,3.941568,7.101753,3.160185
kcd2_scene1_traj_0587,6,13.333869,3.332238,7.101753,3.769515
kcd2_scene1_traj_0588,6,12.745504,4.392327,7.101753,2.709425
kcd2_scene1_traj_0589,9,22.465534,3.289426,7.101753,3.812326
kcd2_scene1_traj_0590,6,13.39122,3.310616,7.101753,3.791136
kcd2_scene1_traj_0591,10,22.884745,3.528058,7.101753,3.573695
kcd2_scene1_traj_0592,9,22.33723,3.470459,7.101753,3.631293
kcd2_scene1_traj_0593,7,14.944157,2.991005,7.101753,4.110748
kcd2_scene1_traj_0594,9,21.824797,2.965102,7.101753,4.136651
kcd2_scene1_traj_0595,7,16.312276,3.162986,7.101753,3.938767
kcd2_scene1_traj_0596,9,21.086459,3.097606,7.101753,4.004147
kcd2_scene1_traj_0597,6,12.947887,4.252367,7.101753,2.849386
kcd2_scene1_traj_0598,7,16.176622,3.103371,7.101753,3.998382
kcd2_scene1_traj_0599,7,15.915175,3.790115,7.101753,3.311638
kcd2_scene1_traj_0600,6,14.313019,3.517508,7.101753,3.584244
kcd2_scene1_traj_0601,6,13.144157,3.711069,7.101753,3.390684
kcd2_scene1_traj_0602,5,11.399313,3.689251,7.101753,3.412501
kcd2_scene1_traj_0603,7,16.976535,4.052876,7.101753,3.048877
kcd2_scene1_traj_0604,6,12.944761,4.315371,7.101753,2.786382
kcd2_scene1_traj_0605,7,15.238726,3.173759,7.101753,3.927994
kcd2_scene1_traj_0606,9,21.880434,3.352262,7.101753,3.749491
kcd2_scene1_traj_0607,9,18.978918,3.099758,7.101753,4.001995
kcd2_scene1_traj_0608,9,21.092094,3.068099,7.101753,4.033654
kcd2_scene1_traj_0609,9,21.015205,3.857718,7.101753,3.244035
kcd2_scene1_traj_0610,6,12.947887,4.31538,7.101753,2.786373
kcd2_scene1_traj_0611,6,12.81347,2.844973,7.101753,4.25678
kcd2_scene1_traj_0612,9,20.64,3.49846,7.101753,3.603293
kcd2_scene1_traj_0613,9,20.707183,3.083729,7.101753,4.018023
kcd2_scene1_traj_0614,7,14.812727,2.991005,7.101753,4.110748
kcd2_scene1_traj_0615,7,15.33,3.108227,7.101753,3.993526
kcd2_scene1_traj_0616,7,14.61347,3.103371,7.101753,3.998382
kcd2_scene1_traj_0617,6,14.444449,3.790115,7.101753,3.311638
kcd2_scene1_traj_0618,8,16.718515,3.517508,7.101753,3.584244
kcd2_scene1_traj_0619,7,13.877956,2.742354,7.101753,4.359399
kcd2_scene1_traj_0620,6,12.136239,3.689251,7.101753,3.412501
kcd2_scene1_traj_0621,6,13.332155,3.528285,7.101753,3.573468
kcd2_scene1_traj_0622,6,13.332155,3.500184,7.101753,3.601569
kcd2_scene1_traj_0623,7,14.195973,3.317653,7.101753,3.7841
kcd2_scene1_traj_0624,8,16.647562,3.16551,7.101753,3.936243
kcd2_scene1_traj_0625,9,20.64,3.123518,7.101753,3.978235
kcd2_scene1_traj_0626,6,13.53,2.965102,7.101753,4.136651
kcd2_scene1_traj_0627,7,14.684423,3.110243,7.101753,3.991509
kcd2_scene1_traj_0628,7,15.046819,3.517508,7.101753,3.584244
kcd2_scene1_traj_0629,6,13.144157,2.742354,7.101753,4.359399
kcd2_scene1_traj_0630,5,9.306457,3.218769,7.101753,3.882984
kcd2_scene1_traj_0631,9,21.025981,3.018076,7.101753,4.083676
kcd2_scene1_traj_0632,10,21.690241,3.068099,7.101753,4.033654
kcd2_scene1_traj_0633,7,15.397826,3.01841,7.101753,4.083343
kcd2_scene1_traj_0634,9,20.748121,3.49846,7.101753,3.603293
kcd2_scene1_traj_0635,7,15.178249,3.790115,7.101753,3.311638
kcd2_scene1_traj_0636,9,21.620701,3.352262,7.101753,3.749491
kcd2_scene1_traj_0637,10,22.150945,3.310616,7.101753,3.791136
kcd2_scene1_traj_0638,7,16.113019,3.110243,7.101753,3.991509
kcd2_scene1_traj_0639,6,13.588763,3.528285,7.101753,3.573468
kcd2_scene1_traj_0640,5,11.45979,3.310616,7.101753,3.791136
kcd2_scene1_traj_0641,8,17.784715,3.605772,7.101753,3.49598
kcd2_scene1_traj_0642,9,21.957324,3.018076,7.101753,4.083676
kcd2_scene1_traj_0643,7,15.33,3.352262,7.101753,3.749491
kcd2_scene1_traj_0644,10,23.692485,2.987096,7.101753,4.114657
kcd2_scene1_traj_0645,6,13.199313,3.689251,7.101753,3.412501
kcd2_scene1_traj_0646,9,20.111532,2.933532,7.101753,4.168221
kcd2_scene1_traj_0647,7,15.189507,3.887712,7.101753,3.214041
kcd2_scene1_traj_0648,7,17.418632,3.15411,7.101753,3.947643
kcd2_scene1_traj_0649,10,22.628137,3.210413,7.101753,3.891339
kcd2_scene1_traj_0650,9,22.267991,3.21805,7.101753,3.883702
kcd2_scene1_traj_0651,6,13.462173,3.630753,7.101753,3.470999
kcd2_scene1_traj_0652,9,20.638425,3.547773,7.101753,3.553979
kcd2_scene1_traj_0653,6,14.441323,3.181125,7.101753,3.920628
kcd2_scene1_traj_0654,8,17.658467,3.167553,7.101753,3.9342
kcd2_scene1_traj_0655,9,18.719184,2.988959,7.101753,4.112794
kcd2_scene1_traj_0656,7,16.113019,3.682554,7.101753,3.419199
kcd2_scene1_traj_0657,8,17.784715,3.490279,7.101753,3.611474
kcd2_scene1_traj_0658,10,22.884745,3.393059,7.101753,3.708693
kcd2_scene1_traj_0659,10,22.578779,3.046616,7.101753,4.055137
kcd2_scene1_traj_0660,7,17.095295,3.554398,7.101753,3.547355
kcd2_scene1_traj_0661,7,16.180846,4.052876,7.101753,3.048877
kcd2_scene1_traj_0662,9,20.443869,3.20497,7.101753,3.896782
kcd2_scene1_traj_0663,9,22.008257,3.161114,7.101753,3.940639
kcd2_scene1_traj_0664,7,16.176622,2.665838,7.101753,4.435914
kcd2_scene1_traj_0665,6,13.590477,4.089581,7.101753,3.012172
kcd2_scene1_traj_0666,6,13.462173,4.267775,7.101753,2.833978
kcd2_scene1_traj_0667,9,21.823083,3.422563,7.101753,3.67919
kcd2_scene1_traj_0668,8,19.221142,3.071338,7.101753,4.030415
kcd2_scene1_traj_0669,9,20.506856,2.902256,7.101753,4.199497
kcd2_scene1_traj_0670,10,21.447878,3.146625,7.101753,3.955128
kcd2_scene1_traj_0671,10,22.626725,3.18521,7.101753,3.916543
kcd2_scene1_traj_0672,6,14.504926,3.173759,7.101753,3.927994
kcd2_scene1_traj_0673,6,14.242066,3.502543,7.101753,3.599209
kcd2_scene1_traj_0674,9,20.133202,2.915615,7.101753,4.186138
kcd2_scene1_traj_0675,9,20.151688,3.163681,7.101753,3.938072
kcd2_scene1_traj_0676,9,21.025981,3.018076,7.101753,4.083676
kcd2_scene1_traj_0677,10,23.87921,3.099758,7.101753,4.001995
kcd2_scene1_traj_0678,10,22.884745,3.180241,7.101753,3.921512
kcd2_scene1_traj_0679,9,21.880434,3.068099,7.101753,4.033654
kcd2_scene1_traj_0680,9,21.564924,3.240766,7.101753,3.860987
kcd2_scene1_traj_0681,9,20.151688,3.130229,7.101753,3.971524
kcd2_scene1_traj_0682,9,19.776182,3.464664,7.101753,3.637088
kcd2_scene1_traj_0683,7,15.981589,4.097495,7.101753,3.004258
kcd2_scene1_traj_0684,7,16.237099,3.170648,7.101753,3.931104
kcd2_scene1_traj_0685,9,21.433633,3.433102,7.101753,3.668651
kcd2_scene1_traj_0686,7,15.989897,3.503039,7.101753,3.598713
kcd2_scene1_traj_0687,9,22.011383,3.2573,7.101753,3.844453
kcd2_scene1_traj_0688,9,19.962907,2.852469,7.101753,4.249284
kcd2_scene1_traj_0689,10,22.883031,3.385045,7.101753,3.716708
kcd2_scene1_traj_0690,7,16.304926,3.219125,7.101753,3.882627
kcd2_scene1_traj_0691,7,16.176622,3.941568,7.101753,3.160185
kcd2_scene1_traj_0692,10,21.455367,3.115938,7.101753,3.985815
kcd2_scene1_traj_0693,10,22.952572,3.128326,7.101753,3.973427
kcd2_scene1_traj_0694,10,22.954285,3.193283,7.101753,3.90847
kcd2_scene1_traj_0695,6,14.245192,3.005265,7.101753,4.096488
kcd2_scene1_traj_0696,6,13.52265,3.577866,7.101753,3.523887
kcd2_scene1_traj_0697,10,23.564181,3.065515,7.101753,4.036238
kcd2_scene1_traj_0698,10,22.895221,3.317915,7.101753,3.783838
kcd2_scene1_traj_0699,7,16.304926,2.666669,7.101753,4.435083
kcd2_scene1_traj_0700,9,22.136561,3.183681,7.101753,3.918072
kcd2_scene1_traj_0701,9,20.313851,3.123518,7.101753,3.978235
kcd2_scene1_traj_0702,10,23.432751,3.085865,7.101753,4.015888
kcd2_scene1_traj_0703,10,22.756441,3.362353,7.101753,3.7394
kcd2_scene1_traj_0704,9,22.134848,3.247713,7.101753,3.85404
kcd2_scene1_traj_0705,10,21.807886,3.137047,7.101753,3.964706
kcd2_scene1_traj_0706,8,19.286459,3.143984,7.101753,3.957769
kcd2_scene1_traj_0707,10,22.496707,3.128574,7.101753,3.973178
kcd2_scene1_traj_0708,9,21.938717,3.470459,7.101753,3.631293
kcd2_scene1_traj_0709,6,14.184715,4.514283,7.101753,2.58747
kcd2_scene1_traj_0710,7,15.192633,3.616314,7.101753,3.485438
kcd2_scene1_traj_0711,7,15.997385,3.108227,7.101753,3.993526
kcd2_scene1_traj_0712,10,22.637543,3.161107,7.101753,3.940645
kcd2_scene1_traj_0713,7,17.107965,3.162986,7.101753,3.938767
kcd2_scene1_traj_0714,7,17.226725,3.097606,7.101753,4.004147
kcd2_scene1_traj_0715,6,12.944761,4.111523,7.101753,2.99023
kcd2_scene1_traj_0716,7,15.92942,3.792388,7.101753,3.309365
kcd2_scene1_traj_0717,8,19.087202,3.118108,7.101753,3.983645
kcd2_scene1_traj_0718,7,16.176622,3.103371,7.101753,3.998382
kcd2_scene1_traj_0719,7,16.304926,3.212801,7.101753,3.888952
kcd2_scene1_traj_0720,8,20.208257,3.754714,7.101753,3.347039
kcd2_scene1_traj_0721,7,16.244449,3.096674,7.101753,4.005079
kcd2_scene1_traj_0722,7,15.611542,3.217884,7.101753,3.883869
kcd2_scene1_traj_0723,10,22.952572,3.566319,7.101753,3.535433
kcd2_scene1_traj_0724,9,19.505973,3.155804,7.101753,3.945949
kcd2_scene1_traj_0725,7,15.915175,3.790115,7.101753,3.311638
kcd2_scene1_traj_0726,7,16.12555,3.289359,7.101753,3.812394
kcd2_scene1_traj_0727,9,18.779661,3.151613,7.101753,3.95014
kcd2_scene1_traj_0728,9,21.73946,3.158861,7.101753,3.942892
kcd2_scene1_traj_0729,5,9.425698,3.731148,7.101753,3.370605
kcd2_scene1_traj_0730,8,17.398733,3.739082,7.101753,3.36267
kcd2_scene1_traj_0731,10,23.432751,2.987096,7.101753,4.114657
kcd2_scene1_traj_0732,7,15.061203,3.689251,7.101753,3.412501
kcd2_scene1_traj_0733,10,21.515844,2.933532,7.101753,4.168221
kcd2_scene1_traj_0734,8,18.97143,3.290823,7.101753,3.81093
kcd2_scene1_traj_0735,10,21.949975,3.210413,7.101753,3.891339
kcd2_scene1_traj_0736,9,22.267991,3.21805,7.101753,3.883702
kcd2_scene1_traj_0737,6,12.816457,3.506593,7.101753,3.59516
kcd2_scene1_traj_0738,9,19.842735,3.288015,7.101753,3.813737
kcd2_scene1_traj_0739,6,14.444449,3.440544,7.101753,3.661209
kcd2_scene1_traj_0740,9,19.969325,2.988959,7.101753,4.112794
kcd2_scene1_traj_0741,7,15.853285,3.340459,7.101753,3.761294
kcd2_scene1_traj_0742,8,17.784715,3.490279,7.101753,3.611474
kcd2_scene1_traj_0743,8,18.283862,3.132018,7.101753,3.969735
kcd2_scene1_traj_0744,10,22.82568,3.089357,7.101753,4.012395
kcd2_scene1_traj_0745,7,17.358155,3.167372,7.101753,3.934381
kcd2_scene1_traj_0746,9,21.892485,3.284955,7.101753,3.816798
kcd2_scene1_traj_0747,7,17.355029,3.126914,7.101753,3.974839
kcd2_scene1_traj_0748,9,18.035386,3.07652,7.101753,4.025232
kcd2_scene1_traj_0749,8,15.972526,2.665838,7.101753,4.435914
kcd2_scene1_traj_0750,9,20.955029,2.569575,7.101753,4.532177
kcd2_scene1_traj_0751,9,20.895964,3.200339,7.101753,3.901414
kcd2_scene1_traj_0752,10,22.438286,3.071338,7.101753,4.030415
kcd2_scene1_traj_0753,10,22.149231,2.902256,7.101753,4.199497
kcd2_scene1_traj_0754,9,20.092624,3.063681,7.101753,4.038072
kcd2_scene1_traj_0755,8,19.286459,3.184337,7.101753,3.917416
kcd2_scene1_traj_0756,7,16.304926,3.173759,7.101753,3.927994
kcd2_scene1_traj_0757,7,16.173496,3.502543,7.101753,3.599209
kcd2_scene1_traj_0758,7,16.511532,2.915615,7.101753,4.186138
kcd2_scene1_traj_0759,10,22.884745,3.528285,7.101753,3.573468
kcd2_scene1_traj_0760,9,19.782258,3.146432,7.101753,3.955321
kcd2_scene1_traj_0761,9,22.088754,3.014032,7.101753,4.087721
kcd2_scene1_traj_0762,10,23.62902,3.068099,7.101753,4.033654
kcd2_scene1_traj_0763,9,21.821532,3.114912,7.101753,3.986841
kcd2_scene1_traj_0764,10,21.820258,3.130229,7.101753,3.971524
kcd2_scene1_traj_0765,9,19.776182,3.464664,7.101753,3.637088
kcd2_scene1_traj_0766,7,15.984715,4.097495,7.101753,3.004258
kcd2_scene1_traj_0767,8,17.789897,3.443468,7.101753,3.658285
kcd2_scene1_traj_0768,5,11.470266,3.967927,7.101753,3.133826
kcd2_scene1_traj_0769,8,16.723697,3.444506,7.101753,3.657247
kcd2_scene1_traj_0770,8,19.162378,3.334133,7.101753,3.76762
kcd2_scene1_traj_0771,7,15.110422,3.586919,7.101753,3.514833
kcd2_scene1_traj_0772,7,16.057724,3.613138,7.101753,3.488615
kcd2_scene1_traj_0773,9,20.718441,3.115938,7.101753,3.985815
kcd2_scene1_traj_0774,9,20.582648,3.261569,7.101753,3.840184
kcd2_scene1_traj_0775,8,18.70857,3.741081,7.101753,3.360672
kcd2_scene1_traj_0776,9,20.897677,3.577866,7.101753,3.523887
kcd2_scene1_traj_0777,9,20.778779,3.475679,7.101753,3.626074
kcd2_scene1_traj_0778,7,15.92942,3.454648,7.101753,3.647105
kcd2_scene1_traj_0779,7,16.436356,3.183681,7.101753,3.918072
kcd2_scene1_traj_0780,7,17.425981,3.194756,7.101753,3.906997
kcd2_scene1_traj_0781,10,22.756441,3.362353,7.101753,3.7394
kcd2_scene1_traj_0782,9,21.938717,3.470459,7.101753,3.631293
kcd2_scene1_traj_0783,7,15.480112,2.991005,7.101753,4.110748
kcd2_scene1_traj_0784,10,23.365063,2.965102,7.101753,4.136651
kcd2_scene1_traj_0785,10,22.892094,3.232591,7.101753,3.869162
kcd2_scene1_traj_0786,8,18.438123,3.568866,7.101753,3.532886
kcd2_scene1_traj_0787,9,20.958155,3.097606,7.101753,4.004147
kcd2_scene1_traj_0788,7,14.876191,4.111523,7.101753,2.99023
kcd2_scene1_traj_0789,8,18.045861,3.446842,7.101753,3.65491
kcd2_scene1_traj_0790,6,14.245192,4.107689,7.101753,2.994064
kcd2_scene1_traj_0791,9,21.693228,3.337024,7.101753,3.764729
kcd2_scene1_traj_0792,9,20.089498,2.969079,7.101753,4.132673
kcd2_scene1_traj_0793,7,17.358155,3.249828,7.101753,3.851925
kcd2_scene1_traj_0794,7,15.178249,3.790115,7.101753,3.311638
kcd2_scene1_traj_0795,6,14.053285,3.517508,7.101753,3.584244
kcd2_scene1_traj_0796,8,17.398733,3.739082,7.101753,3.36267
kcd2_scene1_traj_0797,9,22.080622,3.267793,7.101753,3.83396
kcd2_scene1_traj_0798,7,15.269522,3.218769,7.101753,3.882984
kcd2_scene1_traj_0799,9,19.267972,3.277363,7.101753,3.82439
kcd2_scene1_traj_0800,8,18.174165,3.288015,7.101753,3.813737
kcd2_scene1_traj_0801,10,21.515844,2.986756,7.101753,4.114997
kcd2_scene1_traj_0802,7,15.99412,3.459709,7.101753,3.642044
kcd2_scene1_traj_0803,9,20.219515,3.132018,7.101753,3.969735
kcd2_scene1_traj_0804,9,21.092094,3.089357,7.101753,4.012395
kcd2_scene1_traj_0805,7,17.358155,3.167372,7.101753,3.934381
kcd2_scene1_traj_0806,9,20.777204,2.954571,7.101753,4.147181
kcd2_scene1_traj_0807,9,20.698421,3.57895,7.101753,3.522802
kcd2_scene1_traj_0808,7,16.173496,2.665838,7.101753,4.435914
kcd2_scene1_traj_0809,8,19.039256,3.27314,7.101753,3.828612
kcd2_scene1_traj_0810,9,21.819957,3.572966,7.101753,3.528787
kcd2_scene1_traj_0811,10,22.569716,3.071338,7.101753,4.030415
kcd2_scene1_traj_0812,10,22.181678,2.902256,7.101753,4.199497
kcd2_scene1_traj_0813,10,21.823083,3.146625,7.101753,3.955128
kcd2_scene1_traj_0814,8,19.289585,3.18521,7.101753,3.916543
kcd2_scene1_traj_0815,8,20.208257,3.173759,7.101753,3.927994
kcd2_scene1_traj_0816,8,20.208257,3.246315,7.101753,3.855438
kcd2_scene1_traj_0817,10,23.233494,2.915615,7.101753,4.186138
kcd2_scene1_traj_0818,8,19.153315,4.037904,7.101753,3.063848
kcd2_scene1_traj_0819,7,16.182258,3.099758,7.101753,4.001995
kcd2_scene1_traj_0820,6,13.39857,3.531991,7.101753,3.569762
kcd2_scene1_traj_0821,10,23.500717,3.068099,7.101753,4.033654
kcd2_scene1_traj_0822,6,14.444449,3.14672,7.101753,3.955033
kcd2_scene1_traj_0823,9,19.776182,3.464664,7.101753,3.637088
kcd2_scene1_traj_0824,8,17.653285,4.097495,7.101753,3.004258
kcd2_scene1_traj_0825,9,21.351828,2.96102,7.101753,4.140732
kcd2_scene1_traj_0826,9,20.380404,3.1239,7.101753,3.977852
kcd2_scene1_traj_0827,10,22.50577,3.086889,7.101753,4.014864
kcd2_scene1_traj_0828,7,15.110422,3.586919,7.101753,3.514833
kcd2_scene1_traj_0829,7,14.978992,3.16551,7.101753,3.936243
kcd2_scene1_traj_0830,9,19.773195,3.593196,7.101753,3.508557
kcd2_scene1_traj_0831,9,21.351828,3.344771,7.101753,3.756982
kcd2_scene1_traj_0832,9,19.751461,3.49846,7.101753,3.603293
kcd2_scene1_traj_0833,10,21.89091,3.039442,7.101753,4.062311
kcd2_scene1_traj_0834,7,15.79799,3.62743,7.101753,3.474322
kcd2_scene1_traj_0835,8,17.408416,2.991005,7.101753,4.110748
kcd2_scene1_traj_0836,7,15.260459,3.108227,7.101753,3.993526
kcd2_scene1_traj_0837,8,19.295221,3.161107,7.101753,3.940645
kcd2_scene1_traj_0838,8,18.779661,2.984592,7.101753,4.117161
kcd2_scene1_traj_0839,8,18.302469,3.446842,7.101753,3.65491
kcd2_scene1_traj_0840,7,15.540589,3.103371,7.101753,3.998382
kcd2_scene1_traj_0841,9,20.451218,3.139935,7.101753,3.961818
kcd2_scene1_traj_0842,7,16.113019,3.605772,7.101753,3.49598
kcd2_scene1_traj_0843,7,15.309679,3.517508,7.101753,3.584244
kcd2_scene1_traj_0844,7,15.730163,3.739082,7.101753,3.36267
kcd2_scene1_traj_0845,5,11.402439,3.689251,7.101753,3.412501
kcd2_scene1_traj_0846,10,23.87921,3.277363,7.101753,3.82439
kcd2_scene1_traj_0847,7,15.679369,3.102059,7.101753,3.999694
kcd2_scene1_traj_0848,8,18.044148,2.962409,7.101753,4.139344
kcd2_scene1_traj_0849,7,15.99412,3.682554,7.101753,3.419199
kcd2_scene1_traj_0850,10,22.766917,3.089357,7.101753,4.012395
kcd2_scene1_traj_0851,7,15.669686,4.052876,7.101753,3.048877
kcd2_scene1_traj_0852,9,20.958155,3.20497,7.101753,3.896782
kcd2_scene1_traj_0853,10,22.754727,3.311275,7.101753,3.790478
kcd2_scene1_traj_0854,10,22.569716,3.071338,7.101753,4.030415
kcd2_scene1_traj_0855,9,21.024268,3.308894,7.101753,3.792859
kcd2_scene1_traj_0856,10,23.084002,3.063681,7.101753,4.038072
kcd2_scene1_traj_0857,8,18.978918,2.915615,7.101753,4.186138
kcd2_scene1_traj_0858,9,20.956441,3.352262,7.101753,3.749491
kcd2_scene1_traj_0859,9,19.969325,3.099758,7.101753,4.001995
kcd2_scene1_traj_0860,10,22.756441,3.180241,7.101753,3.921512
kcd2_scene1_traj_0861,9,21.220398,3.068099,7.101753,4.033654
kcd2_scene1_traj_0862,9,19.950718,3.464664,7.101753,3.637088
kcd2_scene1_traj_0863,7,15.19857,3.433102,7.101753,3.668651
kcd2_scene1_traj_0864,10,22.017801,3.464556,7.101753,3.637197
kcd2_scene1_traj_0865,7,15.79799,3.941568,7.101753,3.160185
kcd2_scene1_traj_0866,9,19.78367,3.115938,7.101753,3.985815
kcd2_scene1_traj_0867,9,21.095221,3.317915,7.101753,3.783838
kcd2_scene1_traj_0868,9,21.481921,3.123518,7.101753,3.978235
kcd2_scene1_traj_0869,10,22.555471,3.644978,7.101753,3.456775
kcd2_scene1_traj_0870,8,17.784715,3.240839,7.101753,3.860914
kcd2_scene1_traj_0871,10,22.697376,2.965102,7.101753,4.136651
kcd2_scene1_traj_0872,8,18.782787,2.984592,7.101753,4.117161
kcd2_scene1_traj_0873,9,19.036269,3.446842,7.101753,3.65491
kcd2_scene1_traj_0874,9,20.089498,2.969079,7.101753,4.132673
kcd2_scene1_traj_0875,7,15.997247,3.605772,7.101753,3.49598
kcd2_scene1_traj_0876,8,17.985384,3.277363,7.101753,3.82439
kcd2_scene1_traj_0877,9,20.579661,3.288015,7.101753,3.813737
kcd2_scene1_traj_0878,7,15.997247,3.551657,7.101753,3.550096
kcd2_scene1_traj_0879,9,21.351828,3.089357,7.101753,4.012395
kcd2_scene1_traj_0880,9,20.766729,3.536254,7.101753,3.565499
kcd2_scene1_traj_0881,9,21.027394,3.200339,7.101753,3.901414
kcd2_scene1_traj_0882,10,23.050034,3.071338,7.101753,4.030415
kcd2_scene1_traj_0883,8,19.293808,2.902256,7.101753,4.199497
kcd2_scene1_traj_0884,10,21.823083,3.146625,7.101753,3.955128
kcd2_scene1_traj_0885,9,18.847488,3.140337,7.101753,3.961416
kcd2_scene1_traj_0886,8,19.153315,4.037904,7.101753,3.063848
kcd2_scene1_traj_0887,9,21.82902,3.014032,7.101753,4.087721
kcd2_scene1_traj_0888,9,21.223524,3.068099,7.101753,4.033654
kcd2_scene1_traj_0889,9,19.950718,3.464664,7.101753,3.637088
kcd2_scene1_traj_0890,9,21.095221,2.96102,7.101753,4.140732
kcd2_scene1_traj_0891,9,21.63289,3.334133,7.101753,3.76762
kcd2_scene1_traj_0892,7,15.972526,3.613138,7.101753,3.488615
kcd2_scene1_traj_0893,9,21.635084,3.073293,7.101753,4.02846
kcd2_scene1_traj_0894,9,21.095221,3.344771,7.101753,3.756982
kcd2_scene1_traj_0895,8,19.017661,3.49846,7.101753,3.603293
kcd2_scene1_traj_0896,10,22.686901,3.528058,7.101753,3.573695
kcd2_scene1_traj_0897,9,20.956441,3.108227,7.101753,3.993526
kcd2_scene1_traj_0898,9,19.911974,3.06828,7.101753,4.033473
kcd2_scene1_traj_0899,10,22.49812,2.969079,7.101753,4.132673
kcd2_scene1_traj_0900,8,18.838425,3.288015,7.101753,3.813737
kcd2_scene1_traj_0901,8,17.304096,2.986756,7.101753,4.114997
kcd2_scene1_traj_0902,10,23.500717,3.089357,7.101753,4.012395
kcd2_scene1_traj_0903,10,22.824268,3.572966,7.101753,3.528787
kcd2_scene1_traj_0904,10,22.821142,3.071338,7.101753,4.030415
kcd2_scene1_traj_0905,10,21.761194,2.902256,7.101753,4.199497
kcd2_scene1_traj_0906,10,22.827394,3.063681,7.101753,4.038072
kcd2_scene1_traj_0907,10,23.233494,2.915615,7.101753,4.186138
kcd2_scene1_traj_0908,8,19.156441,4.037904,7.101753,3.063848
kcd2_scene1_traj_0909,8,18.969374,3.531991,7.101753,3.569762
kcd2_scene1_traj_0910,8,19.097677,3.500184,7.101753,3.601569
kcd2_scene1_traj_0911,9,19.950718,3.464664,7.101753,3.637088
kcd2_scene1_traj_0912,7,15.668111,3.433102,7.101753,3.668651
kcd2_scene1_traj_0913,10,21.63289,3.086889,7.101753,4.014864
kcd2_scene1_traj_0914,9,21.832146,3.344771,7.101753,3.756982
kcd2_scene1_traj_0915,8,19.020788,3.123518,7.101753,3.978235
kcd2_scene1_traj_0916,10,22.884745,3.928301,7.101753,3.173452
kcd2_scene1_traj_0917,10,23.753101,2.965102,7.101753,4.136651
kcd2_scene1_traj_0918,9,20.040278,3.102059,7.101753,3.999694
kcd2_scene1_traj_0919,8,18.300755,2.962409,7.101753,4.139344
kcd2_scene1_traj_0920,10,22.82568,3.089357,7.101753,4.012395
kcd2_scene1_traj_0921,10,22.695964,3.200339,7.101753,3.901414
kcd2_scene1_traj_0922,10,22.569716,3.071338,7.101753,4.030415
kcd2_scene1_traj_0923,9,20.962378,2.902256,7.101753,4.199497
kcd2_scene1_traj_0924,10,22.753315,3.180241,7.101753,3.921512
kcd2_scene1_traj_0925,10,22.555471,3.068099,7.101753,4.033654
kcd2_scene1_traj_0926,8,19.216918,3.464664,7.101753,3.637088
kcd2_scene1_traj_0927,10,21.949975,3.458037,7.101753,3.643716
kcd2_scene1_traj_0928,9,20.686231,3.123518,7.101753,3.978235
kcd2_scene1_traj_0929,10,22.509239,3.083729,7.101753,4.018023
kcd2_scene1_traj_0930,9,20.953315,3.108227,7.101753,3.993526
kcd2_scene1_traj_0931,9,20.769855,3.102059,7.101753,3.999694
kcd2_scene1_traj_0932,9,19.712718,2.988959,7.101753,4.112794
kcd2_scene1_traj_0933,10,23.304586,3.200339,7.101753,3.901414
kcd2_scene1_traj_0934,9,20.895964,2.902256,7.101753,4.199497
kcd2_scene1_traj_0935,10,23.500717,3.014032,7.101753,4.087721
kcd2_scene1_traj_0936,10,21.620701,3.747282,7.101753,3.354471
kcd2_scene1_traj_0937,9,20.953315,3.433102,7.101753,3.668651
kcd2_scene1_traj_0938,8,19.017661,3.49846,7.101753,3.603293
kcd2_scene1_traj_0939,10,23.023524,3.362353,7.101753,3.7394
kcd2_scene1_traj_0940,9,21.293065,2.965102,7.101753,4.136651
kcd2_scene1_traj_0941,9,18.911091,3.102059,7.101753,3.999694
kcd2_scene1_traj_0942,6,13.271678,3.572966,7.101753,3.528787
kcd2_scene1_traj_0943,9,21.749004,3.531991,7.101753,3.569762
kcd2_scene1_traj_0944,10,22.555471,3.068099,7.101753,4.033654
kcd2_scene1_traj_0945,7,15.924719,3.433102,7.101753,3.668651
kcd2_scene1_traj_0946,10,22.753315,3.528058,7.101753,3.573695
kcd2_scene1_traj_0947,9,21.880434,3.108227,7.101753,3.993526
kcd2_scene1_traj_0948,8,19.361635,3.180241,7.101753,3.921512
kcd2_scene1_traj_0949,9,20.650475,3.29249,7.101753,3.809262
kcd2_scene1_traj_0950,9,20.021671,3.371787,7.101753,3.729966
kcd2_scene1_traj_0951,9,20.828137,3.644978,7.101753,3.456775
kcd2_scene1_traj_0952,10,23.361937,3.108227,7.101753,3.993526
kcd2_scene1_traj_0953,10,22.822554,3.014032,7.101753,4.087721
kcd2_scene1_traj_0954,8,19.284745,3.458037,7.101753,3.643716
kcd2_scene1_traj_0955,10,22.756441,3.362353,7.101753,3.7394
kcd2_scene1_traj_0956,10,22.565946,2.965102,7.101753,4.136651
kcd2_scene1_traj_0957,8,19.284745,3.531991,7.101753,3.569762
kcd2_scene1_traj_0958,9,21.223524,3.083729,7.101753,4.018023
kcd2_scene1_traj_0959,10,22.719347,3.108227,7.101753,3.993526
kcd2_scene1_traj_0960,8,19.163791,3.180241,7.101753,3.921512
kcd2_scene1_traj_0961,9,20.778779,3.039442,7.101753,4.062311
kcd2_scene1_traj_0962,9,20.769072,2.965102,7.101753,4.136651
kcd2_scene1_traj_0963,9,20.018545,3.928301,7.101753,3.173452
kcd2_scene1_traj_0964,8,19.097677,3.108227,7.101753,3.993526
kcd2_scene1_traj_0965,9,20.021671,3.928301,7.101753,3.173452
kcd2_scene1_traj_0966,10,23.020398,2.965102,7.101753,4.136651
kcd2_scene1_traj_0967,9,21.824797,2.965102,7.101753,4.136651
kcd2_scene1_traj_0968,9,20.956441,3.108227,7.101753,3.993526
kcd2_scene1_traj_0969,9,21.821671,2.965102,7.101753,4.136651
kcd2_scene1_traj_0970,10,21.982421,3.108227,7.101753,3.993526
kcd2_scene1_traj_0971,10,22.818331,2.965102,7.101753,4.136651
kcd2_scene1_traj_0972,9,19.893367,3.108227,7.101753,3.993526
kcd2_scene1_traj_0973,9,22.077496,3.267793,7.101753,3.83396
kcd2_scene1_traj_0974,7,14.876191,3.582251,7.101753,3.519502
kcd2_scene1_traj_0975,8,18.850614,2.933532,7.101753,4.168221
kcd2_scene1_traj_0976,6,12.944761,3.766129,7.101753,3.335624
kcd2_scene1_traj_0977,10,21.949975,3.210413,7.101753,3.891339
kcd2_scene1_traj_0978,9,20.766729,3.288015,7.101753,3.813737
kcd2_scene1_traj_0979,9,21.999194,3.181125,7.101753,3.920628
kcd2_scene1_traj_0980,9,22.137974,3.502455,7.101753,3.599298
kcd2_scene1_traj_0981,6,11.962485,3.682554,7.101753,3.419199
kcd2_scene1_traj_0982,8,19.166917,3.089357,7.101753,4.012395
kcd2_scene1_traj_0983,9,21.892485,2.992438,7.101753,4.109315
kcd2_scene1_traj_0984,5,8.980953,4.450344,7.101753,2.651409
kcd2_scene1_traj_0985,9,19.819288,3.57895,7.101753,3.522802
kcd2_scene1_traj_0986,8,19.352572,3.572966,7.101753,3.528787
kcd2_scene1_traj_0987,10,22.438286,3.071338,7.101753,4.030415
kcd2_scene1_traj_0988,10,21.758068,2.902256,7.101753,4.199497
kcd2_scene1_traj_0989,9,22.079691,2.968129,7.101753,4.133624
kcd2_scene1_traj_0990,9,22.137974,3.644357,7.101753,3.457396
kcd2_scene1_traj_0991,9,20.885488,3.341438,7.101753,3.760315
kcd2_scene1_traj_0992,9,21.084745,3.528285,7.101753,3.573468
kcd2_scene1_traj_0993,9,19.712718,3.099758,7.101753,4.001995
kcd2_scene1_traj_0994,10,22.147518,3.184109,7.101753,3.917644
kcd2_scene1_traj_0995,8,19.551828,3.068099,7.101753,4.033654
kcd2_scene1_traj_0996,8,19.216918,3.464664,7.101753,3.637088
kcd2_scene1_traj_0997,6,10.899411,4.580714,7.101753,2.521039
kcd2_scene1_traj_0998,8,19.284745,3.857718,7.101753,3.244035
kcd2_scene1_traj_0999,7,14.744761,3.317653,7.101753,3.7841
kcd2_scene1_traj_1000,9,20.828137,3.333287,7.101753,3.768465
