position_index,layer_position_index,scene_id,layer_id,height_index,grid_x_index,grid_z_index,x,y,z,route_heading_deg,camera_route_yaw_deg,pitch_deg,legacy_anchor,route_bridge,distance_from_previous,distance_to_next
1,1,scene_2,scene_2_y01,1,13,12,3.238571429,3.17,38.438571429,180.0,0.0,10.0,True,False,0.0,0.630714286
2,2,scene_2,scene_2_y01,1,13,11,3.238571429,3.17,37.807857143,180.0,0.0,10.0,True,False,0.630714286,0.630714286
3,3,scene_2,scene_2_y01,1,13,10,3.238571429,3.17,37.177142857,270.0,90.0,10.0,True,False,0.630714286,0.571428571
4,4,scene_2,scene_2_y01,1,12,10,2.667142857,3.17,37.177142857,0.0,180.0,10.0,True,False,0.571428571,0.630714286
5,5,scene_2,scene_2_y01,1,12,11,2.667142857,3.17,37.807857143,0.0,180.0,10.0,True,False,0.630714286,0.630714286
6,6,scene_2,scene_2_y01,1,12,12,2.667142857,3.17,38.438571429,270.0,90.0,10.0,True,False,0.630714286,0.571428571
7,7,scene_2,scene_2_y01,1,11,12,2.095714286,3.17,38.438571429,180.0,0.0,10.0,True,False,0.571428571,0.630714286
8,8,scene_2,scene_2_y01,1,11,11,2.095714286,3.17,37.807857143,270.0,90.0,10.0,True,False,0.630714286,0.571428571
9,9,scene_2,scene_2_y01,1,10,11,1.524285714,3.17,37.807857143,0.0,180.0,10.0,True,False,0.571428571,0.630714286
10,10,scene_2,scene_2_y01,1,10,12,1.524285714,3.17,38.438571429,270.0,90.0,10.0,True,False,0.630714286,0.571428571
11,11,scene_2,scene_2_y01,1,9,12,0.952857143,3.17,38.438571429,180.0,0.0,10.0,True,False,0.571428571,0.630714286
12,12,scene_2,scene_2_y01,1,9,11,0.952857143,3.17,37.807857143,270.0,90.0,10.0,True,False,0.630714286,0.571428571
13,13,scene_2,scene_2_y01,1,8,11,0.381428571,3.17,37.807857143,0.0,180.0,10.0,True,False,0.571428571,0.630714286
14,14,scene_2,scene_2_y01,1,8,12,0.381428571,3.17,38.438571429,270.0,90.0,10.0,True,False,0.630714286,0.571428571
15,15,scene_2,scene_2_y01,1,7,12,-0.19,3.17,38.438571429,180.0,0.0,10.0,True,False,0.571428571,0.630714286
16,16,scene_2,scene_2_y01,1,7,11,-0.19,3.17,37.807857143,317.823351119,137.823351119,10.0,True,False,0.630714286,0.851076449
17,17,scene_2,scene_2_y01,1,6,12,-0.761428571,3.17,38.438571429,0.0,180.0,10.0,True,False,0.851076449,0.630714286
18,18,scene_2,scene_2_y01,1,6,13,-0.761428571,3.17,39.069285714,270.0,90.0,10.0,True,False,0.630714286,0.571428571
19,19,scene_2,scene_2_y01,1,5,13,-1.332857143,3.17,39.069285714,270.0,90.0,10.0,True,False,0.571428571,0.0
20,1,scene_2,scene_2_y02,2,2,13,-3.047142857,5.96,39.069285714,90.0,270.0,4.0,True,False,3.274580204,0.571428571
21,2,scene_2,scene_2_y02,2,3,13,-2.475714286,5.96,39.069285714,90.0,270.0,4.0,True,False,0.571428571,0.571428571
22,3,scene_2,scene_2_y02,2,4,13,-1.904285714,5.96,39.069285714,90.0,270.0,4.0,True,False,0.571428571,0.571428571
23,4,scene_2,scene_2_y02,2,5,13,-1.332857143,5.96,39.069285714,90.0,270.0,4.0,True,False,0.571428571,0.571428571
24,5,scene_2,scene_2_y02,2,6,13,-0.761428571,5.96,39.069285714,90.0,270.0,4.0,True,False,0.571428571,0.571428571
25,6,scene_2,scene_2_y02,2,7,13,-0.19,5.96,39.069285714,90.0,270.0,4.0,True,False,0.571428571,0.571428571
26,7,scene_2,scene_2_y02,2,8,13,0.381428571,5.96,39.069285714,90.0,270.0,4.0,True,False,0.571428571,0.571428571
27,8,scene_2,scene_2_y02,2,9,13,0.952857143,5.96,39.069285714,90.0,270.0,4.0,True,False,0.571428571,0.571428571
28,9,scene_2,scene_2_y02,2,10,13,1.524285714,5.96,39.069285714,90.0,270.0,4.0,True,False,0.571428571,0.571428571
29,10,scene_2,scene_2_y02,2,11,13,2.095714286,5.96,39.069285714,90.0,270.0,4.0,True,False,0.571428571,0.571428571
30,11,scene_2,scene_2_y02,2,12,13,2.667142857,5.96,39.069285714,90.0,270.0,4.0,True,False,0.571428571,0.571428571
31,12,scene_2,scene_2_y02,2,13,13,3.238571429,5.96,39.069285714,180.0,0.0,4.0,True,False,0.571428571,0.630714286
32,13,scene_2,scene_2_y02,2,13,12,3.238571429,5.96,38.438571429,270.0,90.0,4.0,True,False,0.630714286,0.571428571
33,14,scene_2,scene_2_y02,2,12,12,2.667142857,5.96,38.438571429,270.0,90.0,4.0,True,False,0.571428571,0.571428571
34,15,scene_2,scene_2_y02,2,11,12,2.095714286,5.96,38.438571429,270.0,90.0,4.0,True,False,0.571428571,0.571428571
35,16,scene_2,scene_2_y02,2,10,12,1.524285714,5.96,38.438571429,270.0,90.0,4.0,True,False,0.571428571,0.571428571
36,17,scene_2,scene_2_y02,2,9,12,0.952857143,5.96,38.438571429,270.0,90.0,4.0,True,False,0.571428571,0.571428571
37,18,scene_2,scene_2_y02,2,8,12,0.381428571,5.96,38.438571429,270.0,90.0,4.0,True,False,0.571428571,0.571428571
38,19,scene_2,scene_2_y02,2,7,12,-0.19,5.96,38.438571429,270.0,90.0,4.0,True,False,0.571428571,0.571428571
39,20,scene_2,scene_2_y02,2,6,12,-0.761428571,5.96,38.438571429,270.0,90.0,4.0,True,False,0.571428571,0.571428571
40,21,scene_2,scene_2_y02,2,5,12,-1.332857143,5.96,38.438571429,270.0,90.0,4.0,True,False,0.571428571,0.571428571
41,22,scene_2,scene_2_y02,2,4,12,-1.904285714,5.96,38.438571429,270.0,90.0,4.0,True,False,0.571428571,0.571428571
42,23,scene_2,scene_2_y02,2,3,12,-2.475714286,5.96,38.438571429,270.0,90.0,4.0,True,False,0.571428571,0.571428571
43,24,scene_2,scene_2_y02,2,2,12,-3.047142857,5.96,38.438571429,270.0,90.0,4.0,True,False,0.571428571,0.571428571
44,25,scene_2,scene_2_y02,2,1,12,-3.618571429,5.96,38.438571429,180.0,0.0,4.0,True,False,0.571428571,0.630714286
45,26,scene_2,scene_2_y02,2,1,11,-3.618571429,5.96,37.807857143,90.0,270.0,4.0,True,False,0.630714286,0.571428571
46,27,scene_2,scene_2_y02,2,2,11,-3.047142857,5.96,37.807857143,90.0,270.0,4.0,True,False,0.571428571,0.571428571
47,28,scene_2,scene_2_y02,2,3,11,-2.475714286,5.96,37.807857143,90.0,270.0,4.0,True,False,0.571428571,0.571428571
48,29,scene_2,scene_2_y02,2,4,11,-1.904285714,5.96,37.807857143,90.0,270.0,4.0,True,False,0.571428571,0.571428571
49,30,scene_2,scene_2_y02,2,5,11,-1.332857143,5.96,37.807857143,90.0,270.0,4.0,True,False,0.571428571,0.571428571
50,31,scene_2,scene_2_y02,2,6,11,-0.761428571,5.96,37.807857143,90.0,270.0,4.0,True,False,0.571428571,0.571428571
51,32,scene_2,scene_2_y02,2,7,11,-0.19,5.96,37.807857143,90.0,270.0,4.0,True,False,0.571428571,0.571428571
52,33,scene_2,scene_2_y02,2,8,11,0.381428571,5.96,37.807857143,90.0,270.0,4.0,True,False,0.571428571,0.571428571
53,34,scene_2,scene_2_y02,2,9,11,0.952857143,5.96,37.807857143,90.0,270.0,4.0,True,False,0.571428571,0.571428571
54,35,scene_2,scene_2_y02,2,10,11,1.524285714,5.96,37.807857143,90.0,270.0,4.0,True,False,0.571428571,0.571428571
55,36,scene_2,scene_2_y02,2,11,11,2.095714286,5.96,37.807857143,90.0,270.0,4.0,True,False,0.571428571,0.571428571
56,37,scene_2,scene_2_y02,2,12,11,2.667142857,5.96,37.807857143,90.0,270.0,4.0,True,False,0.571428571,0.571428571
57,38,scene_2,scene_2_y02,2,13,11,3.238571429,5.96,37.807857143,180.0,0.0,4.0,True,False,0.571428571,0.630714286
58,39,scene_2,scene_2_y02,2,13,10,3.238571429,5.96,37.177142857,270.0,90.0,4.0,True,False,0.630714286,0.571428571
59,40,scene_2,scene_2_y02,2,12,10,2.667142857,5.96,37.177142857,270.0,90.0,4.0,True,False,0.571428571,0.571428571
60,41,scene_2,scene_2_y02,2,11,10,2.095714286,5.96,37.177142857,270.0,90.0,4.0,True,False,0.571428571,0.571428571
61,42,scene_2,scene_2_y02,2,10,10,1.524285714,5.96,37.177142857,270.0,90.0,4.0,True,False,0.571428571,0.571428571
62,43,scene_2,scene_2_y02,2,9,10,0.952857143,5.96,37.177142857,270.0,90.0,4.0,True,False,0.571428571,0.571428571
63,44,scene_2,scene_2_y02,2,8,10,0.381428571,5.96,37.177142857,270.0,90.0,4.0,True,False,0.571428571,0.571428571
64,45,scene_2,scene_2_y02,2,7,10,-0.19,5.96,37.177142857,270.0,90.0,4.0,True,False,0.571428571,0.571428571
65,46,scene_2,scene_2_y02,2,6,10,-0.761428571,5.96,37.177142857,270.0,90.0,4.0,True,False,0.571428571,0.571428571
66,47,scene_2,scene_2_y02,2,5,10,-1.332857143,5.96,37.177142857,270.0,90.0,4.0,True,False,0.571428571,0.571428571
67,48,scene_2,scene_2_y02,2,4,10,-1.904285714,5.96,37.177142857,270.0,90.0,4.0,True,False,0.571428571,0.571428571
68,49,scene_2,scene_2_y02,2,3,10,-2.475714286,5.96,37.177142857,270.0,90.0,4.0,True,False,0.571428571,0.571428571
69,50,scene_2,scene_2_y02,2,2,10,-3.047142857,5.96,37.177142857,270.0,90.0,4.0,True,False,0.571428571,0.571428571
70,51,scene_2,scene_2_y02,2,1,10,-3.618571429,5.96,37.177142857,180.0,0.0,4.0,True,False,0.571428571,0.630714286
71,52,scene_2,scene_2_y02,2,1,9,-3.618571429,5.96,36.546428571,90.0,270.0,4.0,True,False,0.630714286,0.571428571
72,53,scene_2,scene_2_y02,2,2,9,-3.047142857,5.96,36.546428571,90.0,270.0,4.0,True,False,0.571428571,0.571428571
73,54,scene_2,scene_2_y02,2,3,9,-2.475714286,5.96,36.546428571,90.0,270.0,4.0,True,False,0.571428571,0.571428571
74,55,scene_2,scene_2_y02,2,4,9,-1.904285714,5.96,36.546428571,90.0,270.0,4.0,True,False,0.571428571,0.571428571
75,56,scene_2,scene_2_y02,2,5,9,-1.332857143,5.96,36.546428571,90.0,270.0,4.0,True,False,0.571428571,0.571428571
76,57,scene_2,scene_2_y02,2,6,9,-0.761428571,5.96,36.546428571,90.0,270.0,4.0,True,False,0.571428571,0.571428571
77,58,scene_2,scene_2_y02,2,7,9,-0.19,5.96,36.546428571,90.0,270.0,4.0,True,False,0.571428571,0.571428571
78,59,scene_2,scene_2_y02,2,8,9,0.381428571,5.96,36.546428571,90.0,270.0,4.0,True,False,0.571428571,0.571428571
79,60,scene_2,scene_2_y02,2,9,9,0.952857143,5.96,36.546428571,90.0,270.0,4.0,True,False,0.571428571,0.571428571
80,61,scene_2,scene_2_y02,2,10,9,1.524285714,5.96,36.546428571,90.0,270.0,4.0,True,False,0.571428571,0.571428571
81,62,scene_2,scene_2_y02,2,11,9,2.095714286,5.96,36.546428571,90.0,270.0,4.0,True,False,0.571428571,0.571428571
82,63,scene_2,scene_2_y02,2,12,9,2.667142857,5.96,36.546428571,90.0,270.0,4.0,True,False,0.571428571,0.571428571
83,64,scene_2,scene_2_y02,2,13,9,3.238571429,5.96,36.546428571,180.0,0.0,4.0,True,False,0.571428571,0.630714286
84,65,scene_2,scene_2_y02,2,13,8,3.238571429,5.96,35.915714286,270.0,90.0,4.0,True,False,0.630714286,0.571428571
85,66,scene_2,scene_2_y02,2,12,8,2.667142857,5.96,35.915714286,270.0,90.0,4.0,True,False,0.571428571,0.571428571
86,67,scene_2,scene_2_y02,2,11,8,2.095714286,5.96,35.915714286,270.0,90.0,4.0,True,False,0.571428571,0.571428571
87,68,scene_2,scene_2_y02,2,10,8,1.524285714,5.96,35.915714286,270.0,90.0,4.0,True,False,0.571428571,0.571428571
88,69,scene_2,scene_2_y02,2,9,8,0.952857143,5.96,35.915714286,270.0,90.0,4.0,True,False,0.571428571,0.571428571
89,70,scene_2,scene_2_y02,2,8,8,0.381428571,5.96,35.915714286,270.0,90.0,4.0,True,False,0.571428571,0.571428571
90,71,scene_2,scene_2_y02,2,7,8,-0.19,5.96,35.915714286,270.0,90.0,4.0,True,False,0.571428571,0.571428571
91,72,scene_2,scene_2_y02,2,6,8,-0.761428571,5.96,35.915714286,270.0,90.0,4.0,True,False,0.571428571,0.571428571
92,73,scene_2,scene_2_y02,2,5,8,-1.332857143,5.96,35.915714286,270.0,90.0,4.0,True,False,0.571428571,0.571428571
93,74,scene_2,scene_2_y02,2,4,8,-1.904285714,5.96,35.915714286,270.0,90.0,4.0,True,False,0.571428571,0.571428571
94,75,scene_2,scene_2_y02,2,3,8,-2.475714286,5.96,35.915714286,270.0,90.0,4.0,True,False,0.571428571,0.571428571
95,76,scene_2,scene_2_y02,2,2,8,-3.047142857,5.96,35.915714286,270.0,90.0,4.0,True,False,0.571428571,0.571428571
96,77,scene_2,scene_2_y02,2,1,8,-3.618571429,5.96,35.915714286,180.0,0.0,4.0,True,False,0.571428571,0.630714286
97,78,scene_2,scene_2_y02,2,1,7,-3.618571429,5.96,35.285,90.0,270.0,4.0,True,False,0.630714286,0.571428571
98,79,scene_2,scene_2_y02,2,2,7,-3.047142857,5.96,35.285,90.0,270.0,4.0,True,False,0.571428571,0.571428571
99,80,scene_2,scene_2_y02,2,3,7,-2.475714286,5.96,35.285,90.0,270.0,4.0,True,False,0.571428571,0.571428571
100,81,scene_2,scene_2_y02,2,4,7,-1.904285714,5.96,35.285,90.0,270.0,4.0,True,False,0.571428571,0.571428571
101,82,scene_2,scene_2_y02,2,5,7,-1.332857143,5.96,35.285,90.0,270.0,4.0,True,False,0.571428571,0.571428571
102,83,scene_2,scene_2_y02,2,6,7,-0.761428571,5.96,35.285,90.0,270.0,4.0,True,False,0.571428571,0.571428571
103,84,scene_2,scene_2_y02,2,7,7,-0.19,5.96,35.285,90.0,270.0,4.0,True,False,0.571428571,0.571428571
104,85,scene_2,scene_2_y02,2,8,7,0.381428571,5.96,35.285,90.0,270.0,4.0,True,False,0.571428571,0.571428571
105,86,scene_2,scene_2_y02,2,9,7,0.952857143,5.96,35.285,90.0,270.0,4.0,True,False,0.571428571,0.571428571
106,87,scene_2,scene_2_y02,2,10,7,1.524285714,5.96,35.285,90.0,270.0,4.0,True,False,0.571428571,0.571428571
107,88,scene_2,scene_2_y02,2,11,7,2.095714286,5.96,35.285,90.0,270.0,4.0,True,False,0.571428571,0.571428571
108,89,scene_2,scene_2_y02,2,12,7,2.667142857,5.96,35.285,90.0,270.0,4.0,True,False,0.571428571,0.571428571
109,90,scene_2,scene_2_y02,2,13,7,3.238571429,5.96,35.285,180.0,0.0,4.0,True,False,0.571428571,0.630714286
110,91,scene_2,scene_2_y02,2,13,6,3.238571429,5.96,34.654285714,270.0,90.0,4.0,True,False,0.630714286,0.571428571
111,92,scene_2,scene_2_y02,2,12,6,2.667142857,5.96,34.654285714,270.0,90.0,4.0,True,False,0.571428571,0.571428571
112,93,scene_2,scene_2_y02,2,11,6,2.095714286,5.96,34.654285714,270.0,90.0,4.0,True,False,0.571428571,0.571428571
113,94,scene_2,scene_2_y02,2,10,6,1.524285714,5.96,34.654285714,270.0,90.0,4.0,True,False,0.571428571,0.571428571
114,95,scene_2,scene_2_y02,2,9,6,0.952857143,5.96,34.654285714,270.0,90.0,4.0,True,False,0.571428571,0.571428571
115,96,scene_2,scene_2_y02,2,8,6,0.381428571,5.96,34.654285714,270.0,90.0,4.0,True,False,0.571428571,0.571428571
116,97,scene_2,scene_2_y02,2,7,6,-0.19,5.96,34.654285714,270.0,90.0,4.0,True,False,0.571428571,0.571428571
117,98,scene_2,scene_2_y02,2,6,6,-0.761428571,5.96,34.654285714,270.0,90.0,4.0,True,False,0.571428571,0.571428571
118,99,scene_2,scene_2_y02,2,5,6,-1.332857143,5.96,34.654285714,270.0,90.0,4.0,True,False,0.571428571,0.571428571
119,100,scene_2,scene_2_y02,2,4,6,-1.904285714,5.96,34.654285714,270.0,90.0,4.0,True,False,0.571428571,0.571428571
120,101,scene_2,scene_2_y02,2,3,6,-2.475714286,5.96,34.654285714,270.0,90.0,4.0,True,False,0.571428571,0.571428571
121,102,scene_2,scene_2_y02,2,2,6,-3.047142857,5.96,34.654285714,270.0,90.0,4.0,True,False,0.571428571,0.571428571
122,103,scene_2,scene_2_y02,2,1,6,-3.618571429,5.96,34.654285714,137.823351119,317.823351119,4.0,True,False,0.571428571,0.851076449
123,104,scene_2,scene_2_y02,2,2,5,-3.047142857,5.96,34.023571429,90.0,270.0,4.0,True,False,0.851076449,0.571428571
124,105,scene_2,scene_2_y02,2,3,5,-2.475714286,5.96,34.023571429,90.0,270.0,4.0,True,False,0.571428571,0.571428571
125,106,scene_2,scene_2_y02,2,4,5,-1.904285714,5.96,34.023571429,90.0,270.0,4.0,True,False,0.571428571,0.571428571
126,107,scene_2,scene_2_y02,2,5,5,-1.332857143,5.96,34.023571429,90.0,270.0,4.0,True,False,0.571428571,0.571428571
127,108,scene_2,scene_2_y02,2,6,5,-0.761428571,5.96,34.023571429,90.0,270.0,4.0,True,False,0.571428571,0.571428571
128,109,scene_2,scene_2_y02,2,7,5,-0.19,5.96,34.023571429,90.0,270.0,4.0,True,False,0.571428571,0.571428571
129,110,scene_2,scene_2_y02,2,8,5,0.381428571,5.96,34.023571429,90.0,270.0,4.0,True,False,0.571428571,0.571428571
130,111,scene_2,scene_2_y02,2,9,5,0.952857143,5.96,34.023571429,90.0,270.0,4.0,True,False,0.571428571,0.571428571
131,112,scene_2,scene_2_y02,2,10,5,1.524285714,5.96,34.023571429,90.0,270.0,4.0,True,False,0.571428571,0.571428571
132,113,scene_2,scene_2_y02,2,11,5,2.095714286,5.96,34.023571429,90.0,270.0,4.0,True,False,0.571428571,0.571428571
133,114,scene_2,scene_2_y02,2,12,5,2.667142857,5.96,34.023571429,90.0,270.0,4.0,True,False,0.571428571,0.571428571
134,115,scene_2,scene_2_y02,2,13,5,3.238571429,5.96,34.023571429,180.0,0.0,4.0,True,False,0.571428571,0.630714286
135,116,scene_2,scene_2_y02,2,13,4,3.238571429,5.96,33.392857143,270.0,90.0,4.0,True,False,0.630714286,0.571428571
136,117,scene_2,scene_2_y02,2,12,4,2.667142857,5.96,33.392857143,270.0,90.0,4.0,True,False,0.571428571,0.571428571
137,118,scene_2,scene_2_y02,2,11,4,2.095714286,5.96,33.392857143,270.0,90.0,4.0,True,False,0.571428571,0.571428571
138,119,scene_2,scene_2_y02,2,10,4,1.524285714,5.96,33.392857143,270.0,90.0,4.0,True,False,0.571428571,0.571428571
139,120,scene_2,scene_2_y02,2,9,4,0.952857143,5.96,33.392857143,270.0,90.0,4.0,True,False,0.571428571,0.571428571
140,121,scene_2,scene_2_y02,2,8,4,0.381428571,5.96,33.392857143,270.0,90.0,4.0,True,False,0.571428571,0.571428571
141,122,scene_2,scene_2_y02,2,7,4,-0.19,5.96,33.392857143,270.0,90.0,4.0,True,False,0.571428571,0.571428571
142,123,scene_2,scene_2_y02,2,6,4,-0.761428571,5.96,33.392857143,270.0,90.0,4.0,True,False,0.571428571,0.571428571
143,124,scene_2,scene_2_y02,2,5,4,-1.332857143,5.96,33.392857143,270.0,90.0,4.0,True,False,0.571428571,0.571428571
144,125,scene_2,scene_2_y02,2,4,4,-1.904285714,5.96,33.392857143,270.0,90.0,4.0,True,False,0.571428571,0.571428571
145,126,scene_2,scene_2_y02,2,3,4,-2.475714286,5.96,33.392857143,270.0,90.0,4.0,True,False,0.571428571,0.571428571
146,127,scene_2,scene_2_y02,2,2,4,-3.047142857,5.96,33.392857143,180.0,0.0,4.0,True,False,0.571428571,0.630714286
147,128,scene_2,scene_2_y02,2,2,3,-3.047142857,5.96,32.762142857,90.0,270.0,4.0,True,False,0.630714286,0.571428571
148,129,scene_2,scene_2_y02,2,3,3,-2.475714286,5.96,32.762142857,90.0,270.0,4.0,True,False,0.571428571,0.571428571
149,130,scene_2,scene_2_y02,2,4,3,-1.904285714,5.96,32.762142857,90.0,270.0,4.0,True,False,0.571428571,0.571428571
150,131,scene_2,scene_2_y02,2,5,3,-1.332857143,5.96,32.762142857,90.0,270.0,4.0,True,False,0.571428571,0.571428571
151,132,scene_2,scene_2_y02,2,6,3,-0.761428571,5.96,32.762142857,90.0,270.0,4.0,True,False,0.571428571,0.571428571
152,133,scene_2,scene_2_y02,2,7,3,-0.19,5.96,32.762142857,90.0,270.0,4.0,True,False,0.571428571,0.0
153,1,scene_2,scene_2_y03,3,7,1,-0.19,7.82,31.500714286,270.0,90.0,-2.0,True,False,2.24739895,0.571428571
154,2,scene_2,scene_2_y03,3,6,1,-0.761428571,7.82,31.500714286,270.0,90.0,-2.0,True,False,0.571428571,0.571428571
155,3,scene_2,scene_2_y03,3,5,1,-1.332857143,7.82,31.500714286,270.0,90.0,-2.0,True,False,0.571428571,0.571428571
156,4,scene_2,scene_2_y03,3,4,1,-1.904285714,7.82,31.500714286,270.0,90.0,-2.0,True,False,0.571428571,0.571428571
157,5,scene_2,scene_2_y03,3,3,1,-2.475714286,7.82,31.500714286,270.0,90.0,-2.0,True,False,0.571428571,0.571428571
158,6,scene_2,scene_2_y03,3,2,1,-3.047142857,7.82,31.500714286,0.0,180.0,-2.0,True,False,0.571428571,0.630714286
159,7,scene_2,scene_2_y03,3,2,2,-3.047142857,7.82,32.131428571,90.0,270.0,-2.0,True,False,0.630714286,0.571428571
160,8,scene_2,scene_2_y03,3,3,2,-2.475714286,7.82,32.131428571,90.0,270.0,-2.0,True,False,0.571428571,0.571428571
161,9,scene_2,scene_2_y03,3,4,2,-1.904285714,7.82,32.131428571,90.0,270.0,-2.0,True,False,0.571428571,0.571428571
162,10,scene_2,scene_2_y03,3,5,2,-1.332857143,7.82,32.131428571,90.0,270.0,-2.0,True,False,0.571428571,0.571428571
163,11,scene_2,scene_2_y03,3,6,2,-0.761428571,7.82,32.131428571,90.0,270.0,-2.0,True,False,0.571428571,0.571428571
164,12,scene_2,scene_2_y03,3,7,2,-0.19,7.82,32.131428571,90.0,270.0,-2.0,True,False,0.571428571,0.571428571
165,13,scene_2,scene_2_y03,3,8,2,0.381428571,7.82,32.131428571,90.0,270.0,-2.0,True,False,0.571428571,0.571428571
166,14,scene_2,scene_2_y03,3,9,2,0.952857143,7.82,32.131428571,90.0,270.0,-2.0,True,False,0.571428571,0.571428571
167,15,scene_2,scene_2_y03,3,10,2,1.524285714,7.82,32.131428571,90.0,270.0,-2.0,True,False,0.571428571,0.571428571
168,16,scene_2,scene_2_y03,3,11,2,2.095714286,7.82,32.131428571,90.0,270.0,-2.0,True,False,0.571428571,0.571428571
169,17,scene_2,scene_2_y03,3,12,2,2.667142857,7.82,32.131428571,90.0,270.0,-2.0,True,False,0.571428571,0.571428571
170,18,scene_2,scene_2_y03,3,13,2,3.238571429,7.82,32.131428571,0.0,180.0,-2.0,True,False,0.571428571,0.630714286
171,19,scene_2,scene_2_y03,3,13,3,3.238571429,7.82,32.762142857,270.0,90.0,-2.0,True,False,0.630714286,0.571428571
172,20,scene_2,scene_2_y03,3,12,3,2.667142857,7.82,32.762142857,270.0,90.0,-2.0,True,False,0.571428571,0.571428571
173,21,scene_2,scene_2_y03,3,11,3,2.095714286,7.82,32.762142857,270.0,90.0,-2.0,True,False,0.571428571,0.571428571
174,22,scene_2,scene_2_y03,3,10,3,1.524285714,7.82,32.762142857,270.0,90.0,-2.0,True,False,0.571428571,0.571428571
175,23,scene_2,scene_2_y03,3,9,3,0.952857143,7.82,32.762142857,270.0,90.0,-2.0,True,False,0.571428571,0.571428571
176,24,scene_2,scene_2_y03,3,8,3,0.381428571,7.82,32.762142857,270.0,90.0,-2.0,True,False,0.571428571,0.571428571
177,25,scene_2,scene_2_y03,3,7,3,-0.19,7.82,32.762142857,270.0,90.0,-2.0,True,False,0.571428571,0.571428571
178,26,scene_2,scene_2_y03,3,6,3,-0.761428571,7.82,32.762142857,270.0,90.0,-2.0,True,False,0.571428571,0.571428571
179,27,scene_2,scene_2_y03,3,5,3,-1.332857143,7.82,32.762142857,270.0,90.0,-2.0,True,False,0.571428571,0.571428571
180,28,scene_2,scene_2_y03,3,4,3,-1.904285714,7.82,32.762142857,270.0,90.0,-2.0,True,False,0.571428571,0.571428571
181,29,scene_2,scene_2_y03,3,3,3,-2.475714286,7.82,32.762142857,270.0,90.0,-2.0,True,False,0.571428571,0.571428571
182,30,scene_2,scene_2_y03,3,2,3,-3.047142857,7.82,32.762142857,0.0,180.0,-2.0,True,False,0.571428571,0.630714286
183,31,scene_2,scene_2_y03,3,2,4,-3.047142857,7.82,33.392857143,90.0,270.0,-2.0,True,False,0.630714286,0.571428571
184,32,scene_2,scene_2_y03,3,3,4,-2.475714286,7.82,33.392857143,90.0,270.0,-2.0,True,False,0.571428571,0.571428571
185,33,scene_2,scene_2_y03,3,4,4,-1.904285714,7.82,33.392857143,90.0,270.0,-2.0,True,False,0.571428571,0.571428571
186,34,scene_2,scene_2_y03,3,5,4,-1.332857143,7.82,33.392857143,90.0,270.0,-2.0,True,False,0.571428571,0.571428571
187,35,scene_2,scene_2_y03,3,6,4,-0.761428571,7.82,33.392857143,90.0,270.0,-2.0,True,False,0.571428571,0.571428571
188,36,scene_2,scene_2_y03,3,7,4,-0.19,7.82,33.392857143,90.0,270.0,-2.0,True,False,0.571428571,0.571428571
189,37,scene_2,scene_2_y03,3,8,4,0.381428571,7.82,33.392857143,90.0,270.0,-2.0,True,False,0.571428571,0.571428571
190,38,scene_2,scene_2_y03,3,9,4,0.952857143,7.82,33.392857143,90.0,270.0,-2.0,True,False,0.571428571,0.571428571
191,39,scene_2,scene_2_y03,3,10,4,1.524285714,7.82,33.392857143,90.0,270.0,-2.0,True,False,0.571428571,0.571428571
192,40,scene_2,scene_2_y03,3,11,4,2.095714286,7.82,33.392857143,90.0,270.0,-2.0,True,False,0.571428571,0.571428571
193,41,scene_2,scene_2_y03,3,12,4,2.667142857,7.82,33.392857143,90.0,270.0,-2.0,True,False,0.571428571,0.571428571
194,42,scene_2,scene_2_y03,3,13,4,3.238571429,7.82,33.392857143,0.0,180.0,-2.0,True,False,0.571428571,0.630714286
195,43,scene_2,scene_2_y03,3,13,5,3.238571429,7.82,34.023571429,270.0,90.0,-2.0,True,False,0.630714286,0.571428571
196,44,scene_2,scene_2_y03,3,12,5,2.667142857,7.82,34.023571429,270.0,90.0,-2.0,True,False,0.571428571,0.571428571
197,45,scene_2,scene_2_y03,3,11,5,2.095714286,7.82,34.023571429,270.0,90.0,-2.0,True,False,0.571428571,0.571428571
198,46,scene_2,scene_2_y03,3,10,5,1.524285714,7.82,34.023571429,270.0,90.0,-2.0,True,False,0.571428571,0.571428571
199,47,scene_2,scene_2_y03,3,9,5,0.952857143,7.82,34.023571429,270.0,90.0,-2.0,True,False,0.571428571,0.571428571
200,48,scene_2,scene_2_y03,3,8,5,0.381428571,7.82,34.023571429,270.0,90.0,-2.0,True,False,0.571428571,0.571428571
201,49,scene_2,scene_2_y03,3,7,5,-0.19,7.82,34.023571429,270.0,90.0,-2.0,True,False,0.571428571,0.571428571
202,50,scene_2,scene_2_y03,3,6,5,-0.761428571,7.82,34.023571429,270.0,90.0,-2.0,True,False,0.571428571,0.571428571
203,51,scene_2,scene_2_y03,3,5,5,-1.332857143,7.82,34.023571429,270.0,90.0,-2.0,True,False,0.571428571,0.571428571
204,52,scene_2,scene_2_y03,3,4,5,-1.904285714,7.82,34.023571429,270.0,90.0,-2.0,True,False,0.571428571,0.571428571
205,53,scene_2,scene_2_y03,3,3,5,-2.475714286,7.82,34.023571429,270.0,90.0,-2.0,True,False,0.571428571,0.571428571
206,54,scene_2,scene_2_y03,3,2,5,-3.047142857,7.82,34.023571429,270.0,90.0,-2.0,True,False,0.571428571,0.571428571
207,55,scene_2,scene_2_y03,3,1,5,-3.618571429,7.82,34.023571429,0.0,180.0,-2.0,True,False,0.571428571,0.630714286
208,56,scene_2,scene_2_y03,3,1,6,-3.618571429,7.82,34.654285714,90.0,270.0,-2.0,True,False,0.630714286,0.571428571
209,57,scene_2,scene_2_y03,3,2,6,-3.047142857,7.82,34.654285714,90.0,270.0,-2.0,True,False,0.571428571,0.571428571
210,58,scene_2,scene_2_y03,3,3,6,-2.475714286,7.82,34.654285714,90.0,270.0,-2.0,True,False,0.571428571,0.571428571
211,59,scene_2,scene_2_y03,3,4,6,-1.904285714,7.82,34.654285714,90.0,270.0,-2.0,True,False,0.571428571,0.571428571
212,60,scene_2,scene_2_y03,3,5,6,-1.332857143,7.82,34.654285714,90.0,270.0,-2.0,True,False,0.571428571,2.285714286
213,61,scene_2,scene_2_y03,3,9,6,0.952857143,7.82,34.654285714,90.0,270.0,-2.0,True,False,2.285714286,0.571428571
214,62,scene_2,scene_2_y03,3,10,6,1.524285714,7.82,34.654285714,90.0,270.0,-2.0,True,False,0.571428571,0.571428571
215,63,scene_2,scene_2_y03,3,11,6,2.095714286,7.82,34.654285714,90.0,270.0,-2.0,True,False,0.571428571,0.571428571
216,64,scene_2,scene_2_y03,3,12,6,2.667142857,7.82,34.654285714,90.0,270.0,-2.0,True,False,0.571428571,0.571428571
217,65,scene_2,scene_2_y03,3,13,6,3.238571429,7.82,34.654285714,0.0,180.0,-2.0,True,False,0.571428571,0.630714286
218,66,scene_2,scene_2_y03,3,13,7,3.238571429,7.82,35.285,270.0,90.0,-2.0,True,False,0.630714286,0.571428571
219,67,scene_2,scene_2_y03,3,12,7,2.667142857,7.82,35.285,270.0,90.0,-2.0,True,False,0.571428571,0.571428571
220,68,scene_2,scene_2_y03,3,11,7,2.095714286,7.82,35.285,270.0,90.0,-2.0,True,False,0.571428571,0.571428571
221,69,scene_2,scene_2_y03,3,10,7,1.524285714,7.82,35.285,270.0,90.0,-2.0,True,False,0.571428571,2.857142857
222,70,scene_2,scene_2_y03,3,5,7,-1.332857143,7.82,35.285,270.0,90.0,-2.0,True,False,2.857142857,0.571428571
223,71,scene_2,scene_2_y03,3,4,7,-1.904285714,7.82,35.285,270.0,90.0,-2.0,True,False,0.571428571,0.571428571
224,72,scene_2,scene_2_y03,3,3,7,-2.475714286,7.82,35.285,270.0,90.0,-2.0,True,False,0.571428571,0.571428571
225,73,scene_2,scene_2_y03,3,2,7,-3.047142857,7.82,35.285,270.0,90.0,-2.0,True,False,0.571428571,0.571428571
226,74,scene_2,scene_2_y03,3,1,7,-3.618571429,7.82,35.285,0.0,180.0,-2.0,True,False,0.571428571,0.630714286
227,75,scene_2,scene_2_y03,3,1,8,-3.618571429,7.82,35.915714286,90.0,270.0,-2.0,True,False,0.630714286,0.571428571
228,76,scene_2,scene_2_y03,3,2,8,-3.047142857,7.82,35.915714286,90.0,270.0,-2.0,True,False,0.571428571,0.571428571
229,77,scene_2,scene_2_y03,3,3,8,-2.475714286,7.82,35.915714286,90.0,270.0,-2.0,True,False,0.571428571,0.571428571
230,78,scene_2,scene_2_y03,3,4,8,-1.904285714,7.82,35.915714286,90.0,270.0,-2.0,True,False,0.571428571,0.571428571
231,79,scene_2,scene_2_y03,3,5,8,-1.332857143,7.82,35.915714286,90.0,270.0,-2.0,True,False,0.571428571,2.857142857
232,80,scene_2,scene_2_y03,3,10,8,1.524285714,7.82,35.915714286,90.0,270.0,-2.0,True,False,2.857142857,0.571428571
233,81,scene_2,scene_2_y03,3,11,8,2.095714286,7.82,35.915714286,90.0,270.0,-2.0,True,False,0.571428571,0.571428571
234,82,scene_2,scene_2_y03,3,12,8,2.667142857,7.82,35.915714286,90.0,270.0,-2.0,True,False,0.571428571,0.571428571
235,83,scene_2,scene_2_y03,3,13,8,3.238571429,7.82,35.915714286,0.0,180.0,-2.0,True,False,0.571428571,0.630714286
236,84,scene_2,scene_2_y03,3,13,9,3.238571429,7.82,36.546428571,270.0,90.0,-2.0,True,False,0.630714286,0.571428571
237,85,scene_2,scene_2_y03,3,12,9,2.667142857,7.82,36.546428571,270.0,90.0,-2.0,True,False,0.571428571,0.571428571
238,86,scene_2,scene_2_y03,3,11,9,2.095714286,7.82,36.546428571,270.0,90.0,-2.0,True,False,0.571428571,0.571428571
239,87,scene_2,scene_2_y03,3,10,9,1.524285714,7.82,36.546428571,270.0,90.0,-2.0,True,False,0.571428571,0.571428571
240,88,scene_2,scene_2_y03,3,9,9,0.952857143,7.82,36.546428571,270.0,90.0,-2.0,True,False,0.571428571,0.571428571
241,89,scene_2,scene_2_y03,3,8,9,0.381428571,7.82,36.546428571,270.0,90.0,-2.0,True,False,0.571428571,1.142857143
242,90,scene_2,scene_2_y03,3,6,9,-0.761428571,7.82,36.546428571,270.0,90.0,-2.0,True,False,1.142857143,0.571428571
243,91,scene_2,scene_2_y03,3,5,9,-1.332857143,7.82,36.546428571,270.0,90.0,-2.0,True,False,0.571428571,0.571428571
244,92,scene_2,scene_2_y03,3,4,9,-1.904285714,7.82,36.546428571,270.0,90.0,-2.0,True,False,0.571428571,0.571428571
245,93,scene_2,scene_2_y03,3,3,9,-2.475714286,7.82,36.546428571,270.0,90.0,-2.0,True,False,0.571428571,0.571428571
246,94,scene_2,scene_2_y03,3,2,9,-3.047142857,7.82,36.546428571,270.0,90.0,-2.0,True,False,0.571428571,0.571428571
247,95,scene_2,scene_2_y03,3,1,9,-3.618571429,7.82,36.546428571,0.0,180.0,-2.0,True,False,0.571428571,0.630714286
248,96,scene_2,scene_2_y03,3,1,10,-3.618571429,7.82,37.177142857,90.0,270.0,-2.0,True,False,0.630714286,0.571428571
249,97,scene_2,scene_2_y03,3,2,10,-3.047142857,7.82,37.177142857,90.0,270.0,-2.0,True,False,0.571428571,0.571428571
250,98,scene_2,scene_2_y03,3,3,10,-2.475714286,7.82,37.177142857,90.0,270.0,-2.0,True,False,0.571428571,0.571428571
251,99,scene_2,scene_2_y03,3,4,10,-1.904285714,7.82,37.177142857,90.0,270.0,-2.0,True,False,0.571428571,0.571428571
252,100,scene_2,scene_2_y03,3,5,10,-1.332857143,7.82,37.177142857,90.0,270.0,-2.0,True,False,0.571428571,0.571428571
253,101,scene_2,scene_2_y03,3,6,10,-0.761428571,7.82,37.177142857,90.0,270.0,-2.0,True,False,0.571428571,0.571428571
254,102,scene_2,scene_2_y03,3,7,10,-0.19,7.82,37.177142857,90.0,270.0,-2.0,True,False,0.571428571,0.571428571
255,103,scene_2,scene_2_y03,3,8,10,0.381428571,7.82,37.177142857,90.0,270.0,-2.0,True,False,0.571428571,0.571428571
256,104,scene_2,scene_2_y03,3,9,10,0.952857143,7.82,37.177142857,90.0,270.0,-2.0,True,False,0.571428571,0.571428571
257,105,scene_2,scene_2_y03,3,10,10,1.524285714,7.82,37.177142857,90.0,270.0,-2.0,True,False,0.571428571,0.571428571
258,106,scene_2,scene_2_y03,3,11,10,2.095714286,7.82,37.177142857,90.0,270.0,-2.0,True,False,0.571428571,0.571428571
259,107,scene_2,scene_2_y03,3,12,10,2.667142857,7.82,37.177142857,90.0,270.0,-2.0,True,False,0.571428571,0.571428571
260,108,scene_2,scene_2_y03,3,13,10,3.238571429,7.82,37.177142857,0.0,180.0,-2.0,True,False,0.571428571,0.630714286
261,109,scene_2,scene_2_y03,3,13,11,3.238571429,7.82,37.807857143,270.0,90.0,-2.0,True,False,0.630714286,0.571428571
262,110,scene_2,scene_2_y03,3,12,11,2.667142857,7.82,37.807857143,270.0,90.0,-2.0,True,False,0.571428571,0.571428571
263,111,scene_2,scene_2_y03,3,11,11,2.095714286,7.82,37.807857143,270.0,90.0,-2.0,True,False,0.571428571,0.571428571
264,112,scene_2,scene_2_y03,3,10,11,1.524285714,7.82,37.807857143,270.0,90.0,-2.0,True,False,0.571428571,0.571428571
265,113,scene_2,scene_2_y03,3,9,11,0.952857143,7.82,37.807857143,270.0,90.0,-2.0,True,False,0.571428571,0.571428571
266,114,scene_2,scene_2_y03,3,8,11,0.381428571,7.82,37.807857143,270.0,90.0,-2.0,True,False,0.571428571,0.571428571
267,115,scene_2,scene_2_y03,3,7,11,-0.19,7.82,37.807857143,270.0,90.0,-2.0,True,False,0.571428571,0.571428571
268,116,scene_2,scene_2_y03,3,6,11,-0.761428571,7.82,37.807857143,270.0,90.0,-2.0,True,False,0.571428571,0.571428571
269,117,scene_2,scene_2_y03,3,5,11,-1.332857143,7.82,37.807857143,270.0,90.0,-2.0,True,False,0.571428571,0.571428571
270,118,scene_2,scene_2_y03,3,4,11,-1.904285714,7.82,37.807857143,270.0,90.0,-2.0,True,False,0.571428571,0.571428571
271,119,scene_2,scene_2_y03,3,3,11,-2.475714286,7.82,37.807857143,270.0,90.0,-2.0,True,False,0.571428571,0.571428571
272,120,scene_2,scene_2_y03,3,2,11,-3.047142857,7.82,37.807857143,270.0,90.0,-2.0,True,False,0.571428571,0.571428571
273,121,scene_2,scene_2_y03,3,1,11,-3.618571429,7.82,37.807857143,0.0,180.0,-2.0,True,False,0.571428571,0.630714286
274,122,scene_2,scene_2_y03,3,1,12,-3.618571429,7.82,38.438571429,90.0,270.0,-2.0,True,False,0.630714286,0.571428571
275,123,scene_2,scene_2_y03,3,2,12,-3.047142857,7.82,38.438571429,90.0,270.0,-2.0,True,False,0.571428571,0.571428571
276,124,scene_2,scene_2_y03,3,3,12,-2.475714286,7.82,38.438571429,90.0,270.0,-2.0,True,False,0.571428571,0.571428571
277,125,scene_2,scene_2_y03,3,4,12,-1.904285714,7.82,38.438571429,90.0,270.0,-2.0,True,False,0.571428571,0.571428571
278,126,scene_2,scene_2_y03,3,5,12,-1.332857143,7.82,38.438571429,90.0,270.0,-2.0,True,False,0.571428571,0.571428571
279,127,scene_2,scene_2_y03,3,6,12,-0.761428571,7.82,38.438571429,90.0,270.0,-2.0,True,False,0.571428571,0.571428571
280,128,scene_2,scene_2_y03,3,7,12,-0.19,7.82,38.438571429,90.0,270.0,-2.0,True,False,0.571428571,0.571428571
281,129,scene_2,scene_2_y03,3,8,12,0.381428571,7.82,38.438571429,90.0,270.0,-2.0,True,False,0.571428571,0.571428571
282,130,scene_2,scene_2_y03,3,9,12,0.952857143,7.82,38.438571429,90.0,270.0,-2.0,True,False,0.571428571,0.571428571
283,131,scene_2,scene_2_y03,3,10,12,1.524285714,7.82,38.438571429,90.0,270.0,-2.0,True,False,0.571428571,0.571428571
284,132,scene_2,scene_2_y03,3,11,12,2.095714286,7.82,38.438571429,90.0,270.0,-2.0,True,False,0.571428571,0.571428571
285,133,scene_2,scene_2_y03,3,12,12,2.667142857,7.82,38.438571429,90.0,270.0,-2.0,True,False,0.571428571,0.571428571
286,134,scene_2,scene_2_y03,3,13,12,3.238571429,7.82,38.438571429,0.0,180.0,-2.0,True,False,0.571428571,0.630714286
287,135,scene_2,scene_2_y03,3,13,13,3.238571429,7.82,39.069285714,270.0,90.0,-2.0,True,False,0.630714286,0.571428571
288,136,scene_2,scene_2_y03,3,12,13,2.667142857,7.82,39.069285714,270.0,90.0,-2.0,True,False,0.571428571,0.571428571
289,137,scene_2,scene_2_y03,3,11,13,2.095714286,7.82,39.069285714,270.0,90.0,-2.0,True,False,0.571428571,0.571428571
290,138,scene_2,scene_2_y03,3,10,13,1.524285714,7.82,39.069285714,270.0,90.0,-2.0,True,False,0.571428571,0.571428571
291,139,scene_2,scene_2_y03,3,9,13,0.952857143,7.82,39.069285714,270.0,90.0,-2.0,True,False,0.571428571,0.571428571
292,140,scene_2,scene_2_y03,3,8,13,0.381428571,7.82,39.069285714,270.0,90.0,-2.0,True,False,0.571428571,0.571428571
293,141,scene_2,scene_2_y03,3,7,13,-0.19,7.82,39.069285714,270.0,90.0,-2.0,True,False,0.571428571,0.571428571
294,142,scene_2,scene_2_y03,3,6,13,-0.761428571,7.82,39.069285714,270.0,90.0,-2.0,True,False,0.571428571,0.571428571
295,143,scene_2,scene_2_y03,3,5,13,-1.332857143,7.82,39.069285714,270.0,90.0,-2.0,True,False,0.571428571,0.571428571
296,144,scene_2,scene_2_y03,3,4,13,-1.904285714,7.82,39.069285714,270.0,90.0,-2.0,True,False,0.571428571,0.571428571
297,145,scene_2,scene_2_y03,3,3,13,-2.475714286,7.82,39.069285714,270.0,90.0,-2.0,True,False,0.571428571,0.571428571
298,146,scene_2,scene_2_y03,3,2,13,-3.047142857,7.82,39.069285714,270.0,90.0,-2.0,True,False,0.571428571,0.0
299,1,scene_2,scene_2_y04,4,2,13,-3.047142857,9.08,39.069285714,90.0,270.0,-8.0,True,False,1.26,0.571428571
300,2,scene_2,scene_2_y04,4,3,13,-2.475714286,9.08,39.069285714,90.0,270.0,-8.0,True,False,0.571428571,0.571428571
301,3,scene_2,scene_2_y04,4,4,13,-1.904285714,9.08,39.069285714,90.0,270.0,-8.0,True,False,0.571428571,0.571428571
302,4,scene_2,scene_2_y04,4,5,13,-1.332857143,9.08,39.069285714,90.0,270.0,-8.0,True,False,0.571428571,0.571428571
303,5,scene_2,scene_2_y04,4,6,13,-0.761428571,9.08,39.069285714,90.0,270.0,-8.0,True,False,0.571428571,0.571428571
304,6,scene_2,scene_2_y04,4,7,13,-0.19,9.08,39.069285714,90.0,270.0,-8.0,True,False,0.571428571,0.571428571
305,7,scene_2,scene_2_y04,4,8,13,0.381428571,9.08,39.069285714,90.0,270.0,-8.0,True,False,0.571428571,0.571428571
306,8,scene_2,scene_2_y04,4,9,13,0.952857143,9.08,39.069285714,90.0,270.0,-8.0,True,False,0.571428571,0.571428571
307,9,scene_2,scene_2_y04,4,10,13,1.524285714,9.08,39.069285714,90.0,270.0,-8.0,True,False,0.571428571,0.571428571
308,10,scene_2,scene_2_y04,4,11,13,2.095714286,9.08,39.069285714,90.0,270.0,-8.0,True,False,0.571428571,0.571428571
309,11,scene_2,scene_2_y04,4,12,13,2.667142857,9.08,39.069285714,90.0,270.0,-8.0,True,False,0.571428571,0.571428571
310,12,scene_2,scene_2_y04,4,13,13,3.238571429,9.08,39.069285714,180.0,0.0,-8.0,True,False,0.571428571,0.630714286
311,13,scene_2,scene_2_y04,4,13,12,3.238571429,9.08,38.438571429,270.0,90.0,-8.0,True,False,0.630714286,0.571428571
312,14,scene_2,scene_2_y04,4,12,12,2.667142857,9.08,38.438571429,270.0,90.0,-8.0,True,False,0.571428571,0.571428571
313,15,scene_2,scene_2_y04,4,11,12,2.095714286,9.08,38.438571429,270.0,90.0,-8.0,True,False,0.571428571,0.571428571
314,16,scene_2,scene_2_y04,4,10,12,1.524285714,9.08,38.438571429,270.0,90.0,-8.0,True,False,0.571428571,0.571428571
315,17,scene_2,scene_2_y04,4,9,12,0.952857143,9.08,38.438571429,270.0,90.0,-8.0,True,False,0.571428571,0.571428571
316,18,scene_2,scene_2_y04,4,8,12,0.381428571,9.08,38.438571429,270.0,90.0,-8.0,True,False,0.571428571,0.571428571
317,19,scene_2,scene_2_y04,4,7,12,-0.19,9.08,38.438571429,270.0,90.0,-8.0,True,False,0.571428571,0.571428571
318,20,scene_2,scene_2_y04,4,6,12,-0.761428571,9.08,38.438571429,270.0,90.0,-8.0,True,False,0.571428571,0.571428571
319,21,scene_2,scene_2_y04,4,5,12,-1.332857143,9.08,38.438571429,270.0,90.0,-8.0,True,False,0.571428571,0.571428571
320,22,scene_2,scene_2_y04,4,4,12,-1.904285714,9.08,38.438571429,270.0,90.0,-8.0,True,False,0.571428571,0.571428571
321,23,scene_2,scene_2_y04,4,3,12,-2.475714286,9.08,38.438571429,270.0,90.0,-8.0,True,False,0.571428571,0.571428571
322,24,scene_2,scene_2_y04,4,2,12,-3.047142857,9.08,38.438571429,270.0,90.0,-8.0,True,False,0.571428571,0.571428571
323,25,scene_2,scene_2_y04,4,1,12,-3.618571429,9.08,38.438571429,180.0,0.0,-8.0,True,False,0.571428571,0.630714286
324,26,scene_2,scene_2_y04,4,1,11,-3.618571429,9.08,37.807857143,90.0,270.0,-8.0,True,False,0.630714286,0.571428571
325,27,scene_2,scene_2_y04,4,2,11,-3.047142857,9.08,37.807857143,90.0,270.0,-8.0,True,False,0.571428571,0.571428571
326,28,scene_2,scene_2_y04,4,3,11,-2.475714286,9.08,37.807857143,90.0,270.0,-8.0,True,False,0.571428571,0.571428571
327,29,scene_2,scene_2_y04,4,4,11,-1.904285714,9.08,37.807857143,90.0,270.0,-8.0,True,False,0.571428571,0.571428571
328,30,scene_2,scene_2_y04,4,5,11,-1.332857143,9.08,37.807857143,90.0,270.0,-8.0,True,False,0.571428571,0.571428571
329,31,scene_2,scene_2_y04,4,6,11,-0.761428571,9.08,37.807857143,90.0,270.0,-8.0,True,False,0.571428571,0.571428571
330,32,scene_2,scene_2_y04,4,7,11,-0.19,9.08,37.807857143,90.0,270.0,-8.0,True,False,0.571428571,0.571428571
331,33,scene_2,scene_2_y04,4,8,11,0.381428571,9.08,37.807857143,90.0,270.0,-8.0,True,False,0.571428571,0.571428571
332,34,scene_2,scene_2_y04,4,9,11,0.952857143,9.08,37.807857143,90.0,270.0,-8.0,True,False,0.571428571,0.571428571
333,35,scene_2,scene_2_y04,4,10,11,1.524285714,9.08,37.807857143,90.0,270.0,-8.0,True,False,0.571428571,0.571428571
334,36,scene_2,scene_2_y04,4,11,11,2.095714286,9.08,37.807857143,90.0,270.0,-8.0,True,False,0.571428571,0.571428571
335,37,scene_2,scene_2_y04,4,12,11,2.667142857,9.08,37.807857143,90.0,270.0,-8.0,True,False,0.571428571,0.571428571
336,38,scene_2,scene_2_y04,4,13,11,3.238571429,9.08,37.807857143,180.0,0.0,-8.0,True,False,0.571428571,0.630714286
337,39,scene_2,scene_2_y04,4,13,10,3.238571429,9.08,37.177142857,270.0,90.0,-8.0,True,False,0.630714286,0.571428571
338,40,scene_2,scene_2_y04,4,12,10,2.667142857,9.08,37.177142857,270.0,90.0,-8.0,True,False,0.571428571,0.571428571
339,41,scene_2,scene_2_y04,4,11,10,2.095714286,9.08,37.177142857,270.0,90.0,-8.0,True,False,0.571428571,0.571428571
340,42,scene_2,scene_2_y04,4,10,10,1.524285714,9.08,37.177142857,270.0,90.0,-8.0,True,False,0.571428571,0.571428571
341,43,scene_2,scene_2_y04,4,9,10,0.952857143,9.08,37.177142857,270.0,90.0,-8.0,True,False,0.571428571,0.571428571
342,44,scene_2,scene_2_y04,4,8,10,0.381428571,9.08,37.177142857,270.0,90.0,-8.0,True,False,0.571428571,0.571428571
343,45,scene_2,scene_2_y04,4,7,10,-0.19,9.08,37.177142857,270.0,90.0,-8.0,True,False,0.571428571,0.571428571
344,46,scene_2,scene_2_y04,4,6,10,-0.761428571,9.08,37.177142857,270.0,90.0,-8.0,True,False,0.571428571,0.571428571
345,47,scene_2,scene_2_y04,4,5,10,-1.332857143,9.08,37.177142857,270.0,90.0,-8.0,True,False,0.571428571,0.571428571
346,48,scene_2,scene_2_y04,4,4,10,-1.904285714,9.08,37.177142857,270.0,90.0,-8.0,True,False,0.571428571,0.571428571
347,49,scene_2,scene_2_y04,4,3,10,-2.475714286,9.08,37.177142857,270.0,90.0,-8.0,True,False,0.571428571,0.571428571
348,50,scene_2,scene_2_y04,4,2,10,-3.047142857,9.08,37.177142857,270.0,90.0,-8.0,True,False,0.571428571,0.571428571
349,51,scene_2,scene_2_y04,4,1,10,-3.618571429,9.08,37.177142857,180.0,0.0,-8.0,True,False,0.571428571,0.630714286
350,52,scene_2,scene_2_y04,4,1,9,-3.618571429,9.08,36.546428571,90.0,270.0,-8.0,True,False,0.630714286,0.571428571
351,53,scene_2,scene_2_y04,4,2,9,-3.047142857,9.08,36.546428571,90.0,270.0,-8.0,True,False,0.571428571,0.571428571
352,54,scene_2,scene_2_y04,4,3,9,-2.475714286,9.08,36.546428571,90.0,270.0,-8.0,True,False,0.571428571,0.571428571
353,55,scene_2,scene_2_y04,4,4,9,-1.904285714,9.08,36.546428571,90.0,270.0,-8.0,True,False,0.571428571,0.571428571
354,56,scene_2,scene_2_y04,4,5,9,-1.332857143,9.08,36.546428571,90.0,270.0,-8.0,True,False,0.571428571,2.857142857
355,57,scene_2,scene_2_y04,4,10,9,1.524285714,9.08,36.546428571,90.0,270.0,-8.0,True,False,2.857142857,0.571428571
356,58,scene_2,scene_2_y04,4,11,9,2.095714286,9.08,36.546428571,90.0,270.0,-8.0,True,False,0.571428571,0.571428571
357,59,scene_2,scene_2_y04,4,12,9,2.667142857,9.08,36.546428571,90.0,270.0,-8.0,True,False,0.571428571,0.571428571
358,60,scene_2,scene_2_y04,4,13,9,3.238571429,9.08,36.546428571,180.0,0.0,-8.0,True,False,0.571428571,0.630714286
359,61,scene_2,scene_2_y04,4,13,8,3.238571429,9.08,35.915714286,270.0,90.0,-8.0,True,False,0.630714286,0.571428571
360,62,scene_2,scene_2_y04,4,12,8,2.667142857,9.08,35.915714286,270.0,90.0,-8.0,True,False,0.571428571,0.571428571
361,63,scene_2,scene_2_y04,4,11,8,2.095714286,9.08,35.915714286,270.0,90.0,-8.0,True,False,0.571428571,0.571428571
362,64,scene_2,scene_2_y04,4,10,8,1.524285714,9.08,35.915714286,270.0,90.0,-8.0,True,False,0.571428571,3.428571429
363,65,scene_2,scene_2_y04,4,4,8,-1.904285714,9.08,35.915714286,270.0,90.0,-8.0,True,False,3.428571429,0.571428571
364,66,scene_2,scene_2_y04,4,3,8,-2.475714286,9.08,35.915714286,270.0,90.0,-8.0,True,False,0.571428571,0.571428571
365,67,scene_2,scene_2_y04,4,2,8,-3.047142857,9.08,35.915714286,270.0,90.0,-8.0,True,False,0.571428571,0.571428571
366,68,scene_2,scene_2_y04,4,1,8,-3.618571429,9.08,35.915714286,180.0,0.0,-8.0,True,False,0.571428571,0.630714286
367,69,scene_2,scene_2_y04,4,1,7,-3.618571429,9.08,35.285,90.0,270.0,-8.0,True,False,0.630714286,0.571428571
368,70,scene_2,scene_2_y04,4,2,7,-3.047142857,9.08,35.285,90.0,270.0,-8.0,True,False,0.571428571,0.571428571
369,71,scene_2,scene_2_y04,4,3,7,-2.475714286,9.08,35.285,90.0,270.0,-8.0,True,False,0.571428571,0.571428571
370,72,scene_2,scene_2_y04,4,4,7,-1.904285714,9.08,35.285,90.0,270.0,-8.0,True,False,0.571428571,3.428571429
371,73,scene_2,scene_2_y04,4,10,7,1.524285714,9.08,35.285,90.0,270.0,-8.0,True,False,3.428571429,0.571428571
372,74,scene_2,scene_2_y04,4,11,7,2.095714286,9.08,35.285,90.0,270.0,-8.0,True,False,0.571428571,0.571428571
373,75,scene_2,scene_2_y04,4,12,7,2.667142857,9.08,35.285,90.0,270.0,-8.0,True,False,0.571428571,0.571428571
374,76,scene_2,scene_2_y04,4,13,7,3.238571429,9.08,35.285,180.0,0.0,-8.0,True,False,0.571428571,0.630714286
375,77,scene_2,scene_2_y04,4,13,6,3.238571429,9.08,34.654285714,270.0,90.0,-8.0,True,False,0.630714286,0.571428571
376,78,scene_2,scene_2_y04,4,12,6,2.667142857,9.08,34.654285714,270.0,90.0,-8.0,True,False,0.571428571,0.571428571
377,79,scene_2,scene_2_y04,4,11,6,2.095714286,9.08,34.654285714,270.0,90.0,-8.0,True,False,0.571428571,0.571428571
378,80,scene_2,scene_2_y04,4,10,6,1.524285714,9.08,34.654285714,270.0,90.0,-8.0,True,False,0.571428571,2.857142857
379,81,scene_2,scene_2_y04,4,5,6,-1.332857143,9.08,34.654285714,270.0,90.0,-8.0,True,False,2.857142857,0.571428571
380,82,scene_2,scene_2_y04,4,4,6,-1.904285714,9.08,34.654285714,270.0,90.0,-8.0,True,False,0.571428571,0.571428571
381,83,scene_2,scene_2_y04,4,3,6,-2.475714286,9.08,34.654285714,270.0,90.0,-8.0,True,False,0.571428571,0.571428571
382,84,scene_2,scene_2_y04,4,2,6,-3.047142857,9.08,34.654285714,270.0,90.0,-8.0,True,False,0.571428571,0.571428571
383,85,scene_2,scene_2_y04,4,1,6,-3.618571429,9.08,34.654285714,180.0,0.0,-8.0,True,False,0.571428571,0.630714286
384,86,scene_2,scene_2_y04,4,1,5,-3.618571429,9.08,34.023571429,90.0,270.0,-8.0,True,False,0.630714286,0.571428571
385,87,scene_2,scene_2_y04,4,2,5,-3.047142857,9.08,34.023571429,90.0,270.0,-8.0,True,False,0.571428571,0.571428571
386,88,scene_2,scene_2_y04,4,3,5,-2.475714286,9.08,34.023571429,90.0,270.0,-8.0,True,False,0.571428571,0.571428571
387,89,scene_2,scene_2_y04,4,4,5,-1.904285714,9.08,34.023571429,90.0,270.0,-8.0,True,False,0.571428571,0.571428571
388,90,scene_2,scene_2_y04,4,5,5,-1.332857143,9.08,34.023571429,90.0,270.0,-8.0,True,False,0.571428571,0.571428571
389,91,scene_2,scene_2_y04,4,6,5,-0.761428571,9.08,34.023571429,90.0,270.0,-8.0,True,False,0.571428571,1.142857143
390,92,scene_2,scene_2_y04,4,8,5,0.381428571,9.08,34.023571429,90.0,270.0,-8.0,True,False,1.142857143,0.571428571
391,93,scene_2,scene_2_y04,4,9,5,0.952857143,9.08,34.023571429,90.0,270.0,-8.0,True,False,0.571428571,0.571428571
392,94,scene_2,scene_2_y04,4,10,5,1.524285714,9.08,34.023571429,90.0,270.0,-8.0,True,False,0.571428571,0.571428571
393,95,scene_2,scene_2_y04,4,11,5,2.095714286,9.08,34.023571429,90.0,270.0,-8.0,True,False,0.571428571,0.571428571
394,96,scene_2,scene_2_y04,4,12,5,2.667142857,9.08,34.023571429,90.0,270.0,-8.0,True,False,0.571428571,0.571428571
395,97,scene_2,scene_2_y04,4,13,5,3.238571429,9.08,34.023571429,180.0,0.0,-8.0,True,False,0.571428571,0.630714286
396,98,scene_2,scene_2_y04,4,13,4,3.238571429,9.08,33.392857143,270.0,90.0,-8.0,True,False,0.630714286,0.571428571
397,99,scene_2,scene_2_y04,4,12,4,2.667142857,9.08,33.392857143,270.0,90.0,-8.0,True,False,0.571428571,0.571428571
398,100,scene_2,scene_2_y04,4,11,4,2.095714286,9.08,33.392857143,270.0,90.0,-8.0,True,False,0.571428571,0.571428571
399,101,scene_2,scene_2_y04,4,10,4,1.524285714,9.08,33.392857143,270.0,90.0,-8.0,True,False,0.571428571,0.571428571
400,102,scene_2,scene_2_y04,4,9,4,0.952857143,9.08,33.392857143,270.0,90.0,-8.0,True,False,0.571428571,0.571428571
401,103,scene_2,scene_2_y04,4,8,4,0.381428571,9.08,33.392857143,270.0,90.0,-8.0,True,False,0.571428571,0.571428571
402,104,scene_2,scene_2_y04,4,7,4,-0.19,9.08,33.392857143,270.0,90.0,-8.0,True,False,0.571428571,0.571428571
403,105,scene_2,scene_2_y04,4,6,4,-0.761428571,9.08,33.392857143,270.0,90.0,-8.0,True,False,0.571428571,0.571428571
404,106,scene_2,scene_2_y04,4,5,4,-1.332857143,9.08,33.392857143,270.0,90.0,-8.0,True,False,0.571428571,0.571428571
405,107,scene_2,scene_2_y04,4,4,4,-1.904285714,9.08,33.392857143,270.0,90.0,-8.0,True,False,0.571428571,0.571428571
406,108,scene_2,scene_2_y04,4,3,4,-2.475714286,9.08,33.392857143,270.0,90.0,-8.0,True,False,0.571428571,0.571428571
407,109,scene_2,scene_2_y04,4,2,4,-3.047142857,9.08,33.392857143,270.0,90.0,-8.0,True,False,0.571428571,0.571428571
408,110,scene_2,scene_2_y04,4,1,4,-3.618571429,9.08,33.392857143,137.823351119,317.823351119,-8.0,True,False,0.571428571,0.851076449
409,111,scene_2,scene_2_y04,4,2,3,-3.047142857,9.08,32.762142857,90.0,270.0,-8.0,True,False,0.851076449,0.571428571
410,112,scene_2,scene_2_y04,4,3,3,-2.475714286,9.08,32.762142857,90.0,270.0,-8.0,True,False,0.571428571,0.571428571
411,113,scene_2,scene_2_y04,4,4,3,-1.904285714,9.08,32.762142857,90.0,270.0,-8.0,True,False,0.571428571,0.571428571
412,114,scene_2,scene_2_y04,4,5,3,-1.332857143,9.08,32.762142857,90.0,270.0,-8.0,True,False,0.571428571,0.571428571
413,115,scene_2,scene_2_y04,4,6,3,-0.761428571,9.08,32.762142857,90.0,270.0,-8.0,True,False,0.571428571,0.571428571
414,116,scene_2,scene_2_y04,4,7,3,-0.19,9.08,32.762142857,90.0,270.0,-8.0,True,False,0.571428571,0.571428571
415,117,scene_2,scene_2_y04,4,8,3,0.381428571,9.08,32.762142857,90.0,270.0,-8.0,True,False,0.571428571,0.571428571
416,118,scene_2,scene_2_y04,4,9,3,0.952857143,9.08,32.762142857,90.0,270.0,-8.0,True,False,0.571428571,0.571428571
417,119,scene_2,scene_2_y04,4,10,3,1.524285714,9.08,32.762142857,90.0,270.0,-8.0,True,False,0.571428571,0.571428571
418,120,scene_2,scene_2_y04,4,11,3,2.095714286,9.08,32.762142857,90.0,270.0,-8.0,True,False,0.571428571,0.571428571
419,121,scene_2,scene_2_y04,4,12,3,2.667142857,9.08,32.762142857,90.0,270.0,-8.0,True,False,0.571428571,0.571428571
420,122,scene_2,scene_2_y04,4,13,3,3.238571429,9.08,32.762142857,180.0,0.0,-8.0,True,False,0.571428571,0.630714286
421,123,scene_2,scene_2_y04,4,13,2,3.238571429,9.08,32.131428571,270.0,90.0,-8.0,True,False,0.630714286,0.571428571
422,124,scene_2,scene_2_y04,4,12,2,2.667142857,9.08,32.131428571,270.0,90.0,-8.0,True,False,0.571428571,0.571428571
423,125,scene_2,scene_2_y04,4,11,2,2.095714286,9.08,32.131428571,270.0,90.0,-8.0,True,False,0.571428571,0.571428571
424,126,scene_2,scene_2_y04,4,10,2,1.524285714,9.08,32.131428571,270.0,90.0,-8.0,True,False,0.571428571,0.571428571
425,127,scene_2,scene_2_y04,4,9,2,0.952857143,9.08,32.131428571,270.0,90.0,-8.0,True,False,0.571428571,0.571428571
426,128,scene_2,scene_2_y04,4,8,2,0.381428571,9.08,32.131428571,270.0,90.0,-8.0,True,False,0.571428571,0.571428571
427,129,scene_2,scene_2_y04,4,7,2,-0.19,9.08,32.131428571,270.0,90.0,-8.0,True,False,0.571428571,0.571428571
428,130,scene_2,scene_2_y04,4,6,2,-0.761428571,9.08,32.131428571,270.0,90.0,-8.0,True,False,0.571428571,0.571428571
429,131,scene_2,scene_2_y04,4,5,2,-1.332857143,9.08,32.131428571,270.0,90.0,-8.0,True,False,0.571428571,0.571428571
430,132,scene_2,scene_2_y04,4,4,2,-1.904285714,9.08,32.131428571,270.0,90.0,-8.0,True,False,0.571428571,0.571428571
431,133,scene_2,scene_2_y04,4,3,2,-2.475714286,9.08,32.131428571,270.0,90.0,-8.0,True,False,0.571428571,0.571428571
432,134,scene_2,scene_2_y04,4,2,2,-3.047142857,9.08,32.131428571,180.0,0.0,-8.0,True,False,0.571428571,0.630714286
433,135,scene_2,scene_2_y04,4,2,1,-3.047142857,9.08,31.500714286,90.0,270.0,-8.0,True,False,0.630714286,0.571428571
434,136,scene_2,scene_2_y04,4,3,1,-2.475714286,9.08,31.500714286,90.0,270.0,-8.0,True,False,0.571428571,0.0
435,1,scene_2,scene_2_y05,5,2,2,-3.047142857,10.34,32.131428571,90.0,270.0,-14.0,True,False,1.520503575,0.571428571
436,2,scene_2,scene_2_y05,5,3,2,-2.475714286,10.34,32.131428571,90.0,270.0,-14.0,True,False,0.571428571,0.571428571
437,3,scene_2,scene_2_y05,5,4,2,-1.904285714,10.34,32.131428571,90.0,270.0,-14.0,True,False,0.571428571,0.571428571
438,4,scene_2,scene_2_y05,5,5,2,-1.332857143,10.34,32.131428571,90.0,270.0,-14.0,True,False,0.571428571,0.571428571
439,5,scene_2,scene_2_y05,5,6,2,-0.761428571,10.34,32.131428571,90.0,270.0,-14.0,True,False,0.571428571,0.571428571
440,6,scene_2,scene_2_y05,5,7,2,-0.19,10.34,32.131428571,90.0,270.0,-14.0,True,False,0.571428571,0.571428571
441,7,scene_2,scene_2_y05,5,8,2,0.381428571,10.34,32.131428571,90.0,270.0,-14.0,True,False,0.571428571,0.571428571
442,8,scene_2,scene_2_y05,5,9,2,0.952857143,10.34,32.131428571,90.0,270.0,-14.0,True,False,0.571428571,0.571428571
443,9,scene_2,scene_2_y05,5,10,2,1.524285714,10.34,32.131428571,90.0,270.0,-14.0,True,False,0.571428571,0.571428571
444,10,scene_2,scene_2_y05,5,11,2,2.095714286,10.34,32.131428571,90.0,270.0,-14.0,True,False,0.571428571,0.571428571
445,11,scene_2,scene_2_y05,5,12,2,2.667142857,10.34,32.131428571,90.0,270.0,-14.0,True,False,0.571428571,0.571428571
446,12,scene_2,scene_2_y05,5,13,2,3.238571429,10.34,32.131428571,0.0,180.0,-14.0,True,False,0.571428571,0.630714286
447,13,scene_2,scene_2_y05,5,13,3,3.238571429,10.34,32.762142857,270.0,90.0,-14.0,True,False,0.630714286,0.571428571
448,14,scene_2,scene_2_y05,5,12,3,2.667142857,10.34,32.762142857,270.0,90.0,-14.0,True,False,0.571428571,0.571428571
449,15,scene_2,scene_2_y05,5,11,3,2.095714286,10.34,32.762142857,270.0,90.0,-14.0,True,False,0.571428571,0.571428571
450,16,scene_2,scene_2_y05,5,10,3,1.524285714,10.34,32.762142857,270.0,90.0,-14.0,True,False,0.571428571,0.571428571
451,17,scene_2,scene_2_y05,5,9,3,0.952857143,10.34,32.762142857,270.0,90.0,-14.0,True,False,0.571428571,0.571428571
452,18,scene_2,scene_2_y05,5,8,3,0.381428571,10.34,32.762142857,270.0,90.0,-14.0,True,False,0.571428571,0.571428571
453,19,scene_2,scene_2_y05,5,7,3,-0.19,10.34,32.762142857,270.0,90.0,-14.0,True,False,0.571428571,0.571428571
454,20,scene_2,scene_2_y05,5,6,3,-0.761428571,10.34,32.762142857,270.0,90.0,-14.0,True,False,0.571428571,0.571428571
455,21,scene_2,scene_2_y05,5,5,3,-1.332857143,10.34,32.762142857,270.0,90.0,-14.0,True,False,0.571428571,0.571428571
456,22,scene_2,scene_2_y05,5,4,3,-1.904285714,10.34,32.762142857,270.0,90.0,-14.0,True,False,0.571428571,0.571428571
457,23,scene_2,scene_2_y05,5,3,3,-2.475714286,10.34,32.762142857,270.0,90.0,-14.0,True,False,0.571428571,0.571428571
458,24,scene_2,scene_2_y05,5,2,3,-3.047142857,10.34,32.762142857,0.0,180.0,-14.0,True,False,0.571428571,0.630714286
459,25,scene_2,scene_2_y05,5,2,4,-3.047142857,10.34,33.392857143,90.0,270.0,-14.0,True,False,0.630714286,0.571428571
460,26,scene_2,scene_2_y05,5,3,4,-2.475714286,10.34,33.392857143,90.0,270.0,-14.0,True,False,0.571428571,0.571428571
461,27,scene_2,scene_2_y05,5,4,4,-1.904285714,10.34,33.392857143,90.0,270.0,-14.0,True,False,0.571428571,0.571428571
462,28,scene_2,scene_2_y05,5,5,4,-1.332857143,10.34,33.392857143,90.0,270.0,-14.0,True,False,0.571428571,0.571428571
463,29,scene_2,scene_2_y05,5,6,4,-0.761428571,10.34,33.392857143,90.0,270.0,-14.0,True,False,0.571428571,0.571428571
464,30,scene_2,scene_2_y05,5,7,4,-0.19,10.34,33.392857143,90.0,270.0,-14.0,True,False,0.571428571,0.571428571
465,31,scene_2,scene_2_y05,5,8,4,0.381428571,10.34,33.392857143,90.0,270.0,-14.0,True,False,0.571428571,0.571428571
466,32,scene_2,scene_2_y05,5,9,4,0.952857143,10.34,33.392857143,90.0,270.0,-14.0,True,False,0.571428571,0.571428571
467,33,scene_2,scene_2_y05,5,10,4,1.524285714,10.34,33.392857143,90.0,270.0,-14.0,True,False,0.571428571,0.571428571
468,34,scene_2,scene_2_y05,5,11,4,2.095714286,10.34,33.392857143,90.0,270.0,-14.0,True,False,0.571428571,0.571428571
469,35,scene_2,scene_2_y05,5,12,4,2.667142857,10.34,33.392857143,90.0,270.0,-14.0,True,False,0.571428571,0.571428571
470,36,scene_2,scene_2_y05,5,13,4,3.238571429,10.34,33.392857143,0.0,180.0,-14.0,True,False,0.571428571,0.630714286
471,37,scene_2,scene_2_y05,5,13,5,3.238571429,10.34,34.023571429,270.0,90.0,-14.0,True,False,0.630714286,0.571428571
472,38,scene_2,scene_2_y05,5,12,5,2.667142857,10.34,34.023571429,270.0,90.0,-14.0,True,False,0.571428571,0.571428571
473,39,scene_2,scene_2_y05,5,11,5,2.095714286,10.34,34.023571429,270.0,90.0,-14.0,True,False,0.571428571,0.571428571
474,40,scene_2,scene_2_y05,5,10,5,1.524285714,10.34,34.023571429,270.0,90.0,-14.0,True,False,0.571428571,0.571428571
475,41,scene_2,scene_2_y05,5,9,5,0.952857143,10.34,34.023571429,270.0,90.0,-14.0,True,False,0.571428571,0.571428571
476,42,scene_2,scene_2_y05,5,8,5,0.381428571,10.34,34.023571429,270.0,90.0,-14.0,True,False,0.571428571,0.571428571
477,43,scene_2,scene_2_y05,5,7,5,-0.19,10.34,34.023571429,270.0,90.0,-14.0,True,False,0.571428571,0.571428571
478,44,scene_2,scene_2_y05,5,6,5,-0.761428571,10.34,34.023571429,270.0,90.0,-14.0,True,False,0.571428571,0.571428571
479,45,scene_2,scene_2_y05,5,5,5,-1.332857143,10.34,34.023571429,270.0,90.0,-14.0,True,False,0.571428571,0.571428571
480,46,scene_2,scene_2_y05,5,4,5,-1.904285714,10.34,34.023571429,270.0,90.0,-14.0,True,False,0.571428571,0.571428571
481,47,scene_2,scene_2_y05,5,3,5,-2.475714286,10.34,34.023571429,270.0,90.0,-14.0,True,False,0.571428571,0.571428571
482,48,scene_2,scene_2_y05,5,2,5,-3.047142857,10.34,34.023571429,270.0,90.0,-14.0,True,False,0.571428571,0.571428571
483,49,scene_2,scene_2_y05,5,1,5,-3.618571429,10.34,34.023571429,0.0,180.0,-14.0,True,False,0.571428571,0.630714286
484,50,scene_2,scene_2_y05,5,1,6,-3.618571429,10.34,34.654285714,90.0,270.0,-14.0,True,False,0.630714286,0.571428571
485,51,scene_2,scene_2_y05,5,2,6,-3.047142857,10.34,34.654285714,90.0,270.0,-14.0,True,False,0.571428571,0.571428571
486,52,scene_2,scene_2_y05,5,3,6,-2.475714286,10.34,34.654285714,90.0,270.0,-14.0,True,False,0.571428571,0.571428571
487,53,scene_2,scene_2_y05,5,4,6,-1.904285714,10.34,34.654285714,90.0,270.0,-14.0,True,False,0.571428571,0.571428571
488,54,scene_2,scene_2_y05,5,5,6,-1.332857143,10.34,34.654285714,90.0,270.0,-14.0,True,False,0.571428571,2.857142857
489,55,scene_2,scene_2_y05,5,10,6,1.524285714,10.34,34.654285714,90.0,270.0,-14.0,True,False,2.857142857,0.571428571
490,56,scene_2,scene_2_y05,5,11,6,2.095714286,10.34,34.654285714,90.0,270.0,-14.0,True,False,0.571428571,0.571428571
491,57,scene_2,scene_2_y05,5,12,6,2.667142857,10.34,34.654285714,90.0,270.0,-14.0,True,False,0.571428571,0.571428571
492,58,scene_2,scene_2_y05,5,13,6,3.238571429,10.34,34.654285714,0.0,180.0,-14.0,True,False,0.571428571,0.630714286
493,59,scene_2,scene_2_y05,5,13,7,3.238571429,10.34,35.285,270.0,90.0,-14.0,True,False,0.630714286,0.571428571
494,60,scene_2,scene_2_y05,5,12,7,2.667142857,10.34,35.285,270.0,90.0,-14.0,True,False,0.571428571,0.571428571
495,61,scene_2,scene_2_y05,5,11,7,2.095714286,10.34,35.285,270.0,90.0,-14.0,True,False,0.571428571,0.571428571
496,62,scene_2,scene_2_y05,5,10,7,1.524285714,10.34,35.285,270.0,90.0,-14.0,True,False,0.571428571,3.428571429
497,63,scene_2,scene_2_y05,5,4,7,-1.904285714,10.34,35.285,270.0,90.0,-14.0,True,False,3.428571429,0.571428571
498,64,scene_2,scene_2_y05,5,3,7,-2.475714286,10.34,35.285,270.0,90.0,-14.0,True,False,0.571428571,0.571428571
499,65,scene_2,scene_2_y05,5,2,7,-3.047142857,10.34,35.285,270.0,90.0,-14.0,True,False,0.571428571,0.571428571
500,66,scene_2,scene_2_y05,5,1,7,-3.618571429,10.34,35.285,0.0,180.0,-14.0,True,False,0.571428571,0.630714286
501,67,scene_2,scene_2_y05,5,1,8,-3.618571429,10.34,35.915714286,90.0,270.0,-14.0,True,False,0.630714286,0.571428571
502,68,scene_2,scene_2_y05,5,2,8,-3.047142857,10.34,35.915714286,90.0,270.0,-14.0,True,False,0.571428571,0.571428571
503,69,scene_2,scene_2_y05,5,3,8,-2.475714286,10.34,35.915714286,90.0,270.0,-14.0,True,False,0.571428571,0.571428571
504,70,scene_2,scene_2_y05,5,4,8,-1.904285714,10.34,35.915714286,90.0,270.0,-14.0,True,False,0.571428571,3.428571429
505,71,scene_2,scene_2_y05,5,10,8,1.524285714,10.34,35.915714286,90.0,270.0,-14.0,True,False,3.428571429,0.571428571
506,72,scene_2,scene_2_y05,5,11,8,2.095714286,10.34,35.915714286,90.0,270.0,-14.0,True,False,0.571428571,0.571428571
507,73,scene_2,scene_2_y05,5,12,8,2.667142857,10.34,35.915714286,90.0,270.0,-14.0,True,False,0.571428571,0.571428571
508,74,scene_2,scene_2_y05,5,13,8,3.238571429,10.34,35.915714286,317.823351119,137.823351119,-14.0,True,False,0.571428571,0.851076449
509,75,scene_2,scene_2_y05,5,12,9,2.667142857,10.34,36.546428571,270.0,90.0,-14.0,True,False,0.851076449,0.571428571
510,76,scene_2,scene_2_y05,5,11,9,2.095714286,10.34,36.546428571,270.0,90.0,-14.0,True,False,0.571428571,0.571428571
511,77,scene_2,scene_2_y05,5,10,9,1.524285714,10.34,36.546428571,270.0,90.0,-14.0,True,False,0.571428571,0.571428571
512,78,scene_2,scene_2_y05,5,9,9,0.952857143,10.34,36.546428571,270.0,90.0,-14.0,True,False,0.571428571,2.285714286
513,79,scene_2,scene_2_y05,5,5,9,-1.332857143,10.34,36.546428571,270.0,90.0,-14.0,True,False,2.285714286,0.571428571
514,80,scene_2,scene_2_y05,5,4,9,-1.904285714,10.34,36.546428571,270.0,90.0,-14.0,True,False,0.571428571,0.571428571
515,81,scene_2,scene_2_y05,5,3,9,-2.475714286,10.34,36.546428571,270.0,90.0,-14.0,True,False,0.571428571,0.571428571
516,82,scene_2,scene_2_y05,5,2,9,-3.047142857,10.34,36.546428571,270.0,90.0,-14.0,True,False,0.571428571,0.571428571
517,83,scene_2,scene_2_y05,5,1,9,-3.618571429,10.34,36.546428571,0.0,180.0,-14.0,True,False,0.571428571,0.630714286
518,84,scene_2,scene_2_y05,5,1,10,-3.618571429,10.34,37.177142857,90.0,270.0,-14.0,True,False,0.630714286,0.571428571
519,85,scene_2,scene_2_y05,5,2,10,-3.047142857,10.34,37.177142857,90.0,270.0,-14.0,True,False,0.571428571,0.571428571
520,86,scene_2,scene_2_y05,5,3,10,-2.475714286,10.34,37.177142857,90.0,270.0,-14.0,True,False,0.571428571,0.571428571
521,87,scene_2,scene_2_y05,5,4,10,-1.904285714,10.34,37.177142857,90.0,270.0,-14.0,True,False,0.571428571,0.571428571
522,88,scene_2,scene_2_y05,5,5,10,-1.332857143,10.34,37.177142857,90.0,270.0,-14.0,True,False,0.571428571,0.571428571
523,89,scene_2,scene_2_y05,5,6,10,-0.761428571,10.34,37.177142857,90.0,270.0,-14.0,True,False,0.571428571,0.571428571
524,90,scene_2,scene_2_y05,5,7,10,-0.19,10.34,37.177142857,90.0,270.0,-14.0,True,False,0.571428571,0.571428571
525,91,scene_2,scene_2_y05,5,8,10,0.381428571,10.34,37.177142857,90.0,270.0,-14.0,True,False,0.571428571,0.571428571
526,92,scene_2,scene_2_y05,5,9,10,0.952857143,10.34,37.177142857,90.0,270.0,-14.0,True,False,0.571428571,0.571428571
527,93,scene_2,scene_2_y05,5,10,10,1.524285714,10.34,37.177142857,90.0,270.0,-14.0,True,False,0.571428571,0.571428571
528,94,scene_2,scene_2_y05,5,11,10,2.095714286,10.34,37.177142857,90.0,270.0,-14.0,True,False,0.571428571,0.571428571
529,95,scene_2,scene_2_y05,5,12,10,2.667142857,10.34,37.177142857,317.823351119,137.823351119,-14.0,True,False,0.571428571,0.851076449
530,96,scene_2,scene_2_y05,5,11,11,2.095714286,10.34,37.807857143,270.0,90.0,-14.0,True,False,0.851076449,0.571428571
531,97,scene_2,scene_2_y05,5,10,11,1.524285714,10.34,37.807857143,270.0,90.0,-14.0,True,False,0.571428571,0.571428571
532,98,scene_2,scene_2_y05,5,9,11,0.952857143,10.34,37.807857143,270.0,90.0,-14.0,True,False,0.571428571,0.571428571
533,99,scene_2,scene_2_y05,5,8,11,0.381428571,10.34,37.807857143,270.0,90.0,-14.0,True,False,0.571428571,0.571428571
534,100,scene_2,scene_2_y05,5,7,11,-0.19,10.34,37.807857143,270.0,90.0,-14.0,True,False,0.571428571,0.571428571
535,101,scene_2,scene_2_y05,5,6,11,-0.761428571,10.34,37.807857143,270.0,90.0,-14.0,True,False,0.571428571,0.571428571
536,102,scene_2,scene_2_y05,5,5,11,-1.332857143,10.34,37.807857143,270.0,90.0,-14.0,True,False,0.571428571,0.571428571
537,103,scene_2,scene_2_y05,5,4,11,-1.904285714,10.34,37.807857143,270.0,90.0,-14.0,True,False,0.571428571,0.571428571
538,104,scene_2,scene_2_y05,5,3,11,-2.475714286,10.34,37.807857143,270.0,90.0,-14.0,True,False,0.571428571,0.571428571
539,105,scene_2,scene_2_y05,5,2,11,-3.047142857,10.34,37.807857143,270.0,90.0,-14.0,True,False,0.571428571,0.571428571
540,106,scene_2,scene_2_y05,5,1,11,-3.618571429,10.34,37.807857143,0.0,180.0,-14.0,True,False,0.571428571,0.630714286
541,107,scene_2,scene_2_y05,5,1,12,-3.618571429,10.34,38.438571429,90.0,270.0,-14.0,True,False,0.630714286,0.571428571
542,108,scene_2,scene_2_y05,5,2,12,-3.047142857,10.34,38.438571429,90.0,270.0,-14.0,True,False,0.571428571,0.571428571
543,109,scene_2,scene_2_y05,5,3,12,-2.475714286,10.34,38.438571429,90.0,270.0,-14.0,True,False,0.571428571,0.571428571
544,110,scene_2,scene_2_y05,5,4,12,-1.904285714,10.34,38.438571429,90.0,270.0,-14.0,True,False,0.571428571,0.571428571
545,111,scene_2,scene_2_y05,5,5,12,-1.332857143,10.34,38.438571429,90.0,270.0,-14.0,True,False,0.571428571,0.571428571
546,112,scene_2,scene_2_y05,5,6,12,-0.761428571,10.34,38.438571429,90.0,270.0,-14.0,True,False,0.571428571,0.571428571
547,113,scene_2,scene_2_y05,5,7,12,-0.19,10.34,38.438571429,90.0,270.0,-14.0,True,False,0.571428571,0.571428571
548,114,scene_2,scene_2_y05,5,8,12,0.381428571,10.34,38.438571429,90.0,270.0,-14.0,True,False,0.571428571,0.571428571
549,115,scene_2,scene_2_y05,5,9,12,0.952857143,10.34,38.438571429,90.0,270.0,-14.0,True,False,0.571428571,0.571428571
550,116,scene_2,scene_2_y05,5,10,12,1.524285714,10.34,38.438571429,90.0,270.0,-14.0,True,False,0.571428571,0.571428571
551,117,scene_2,scene_2_y05,5,11,12,2.095714286,10.34,38.438571429,285.426177485,105.426177485,-14.0,True,False,0.571428571,2.371136923
552,118,scene_2,scene_2_y05,5,7,13,-0.19,10.34,39.069285714,270.0,90.0,-14.0,True,False,2.371136923,0.571428571
553,119,scene_2,scene_2_y05,5,6,13,-0.761428571,10.34,39.069285714,270.0,90.0,-14.0,True,False,0.571428571,0.571428571
554,120,scene_2,scene_2_y05,5,5,13,-1.332857143,10.34,39.069285714,270.0,90.0,-14.0,True,False,0.571428571,0.571428571
555,121,scene_2,scene_2_y05,5,4,13,-1.904285714,10.34,39.069285714,270.0,90.0,-14.0,True,False,0.571428571,0.571428571
556,122,scene_2,scene_2_y05,5,3,13,-2.475714286,10.34,39.069285714,270.0,90.0,-14.0,True,False,0.571428571,0.571428571
557,123,scene_2,scene_2_y05,5,2,13,-3.047142857,10.34,39.069285714,270.0,90.0,-14.0,True,False,0.571428571,0.0
558,1,scene_2,scene_2_y06,6,1,12,-3.618571429,11.65,38.438571429,90.0,270.0,-20.0,True,False,1.562187928,0.571428571
559,2,scene_2,scene_2_y06,6,2,12,-3.047142857,11.65,38.438571429,90.0,270.0,-20.0,True,False,0.571428571,0.571428571
560,3,scene_2,scene_2_y06,6,3,12,-2.475714286,11.65,38.438571429,180.0,0.0,-20.0,True,False,0.571428571,0.630714286
561,4,scene_2,scene_2_y06,6,3,11,-2.475714286,11.65,37.807857143,270.0,90.0,-20.0,True,False,0.630714286,0.571428571
562,5,scene_2,scene_2_y06,6,2,11,-3.047142857,11.65,37.807857143,180.0,0.0,-20.0,True,False,0.571428571,0.630714286
563,6,scene_2,scene_2_y06,6,2,10,-3.047142857,11.65,37.177142857,90.0,270.0,-20.0,True,False,0.630714286,0.571428571
564,7,scene_2,scene_2_y06,6,3,10,-2.475714286,11.65,37.177142857,90.0,270.0,-20.0,True,False,0.571428571,0.571428571
565,8,scene_2,scene_2_y06,6,4,10,-1.904285714,11.65,37.177142857,222.176648881,42.176648881,-20.0,True,False,0.571428571,0.851076449
566,9,scene_2,scene_2_y06,6,3,9,-2.475714286,11.65,36.546428571,270.0,90.0,-20.0,True,False,0.851076449,0.571428571
567,10,scene_2,scene_2_y06,6,2,9,-3.047142857,11.65,36.546428571,270.0,90.0,-20.0,True,False,0.571428571,0.0
